0,0,1278795831,
1,0,2119833045,/script.zip
2,1,644083985,/shaders/CD3D9FixedPipeline.fx
3,1,1035947950,/shaders/COGLES2Renderer2D.sbin
4,1,1324471833,
5,1,1513270600,/shaders/CD3D9Renderer2D.fx
6,1,1733207355,/shaders/COGL2Renderer2D.fsh
7,1,1737600571,/shaders/COGL2Renderer2D.vsh
8,1,1842275104,
9,1,1850284388,/shaders/COGL2FixedPipeline.fsh
10,1,1854677604,/shaders/COGL2FixedPipeline.vsh
11,1,1923194999,/shaders/COGLES2FixedPipeline.sbin
12,2,8347332,/script/escape/ab_room2.lua
13,2,42811522,/script/escape/gaulem_message.lua
14,2,104685337,/script/escape/biotope_message.lua
15,2,199143613,/script/escape/final.lua
16,2,217481250,/script/escape/ab_room.lua
17,2,324408686,/script/escape/decompression.lua
18,2,329858528,/script/escape/cabin.lua
19,2,395020390,/script/escape/chief_message.lua
20,2,418131876,/script/escape/control.lua
21,2,472825572,/script/escape/storehouse.lua
22,2,550318227,/script/escape/recreation_message.lua
23,2,594449320,/script/escape/control_message.lua
24,2,632822225,/script/escape/labo.lua
25,2,750047586,/script/escape/decompression_message.lua
26,2,809962845,/script/escape/lounge.lua
27,2,828764215,/script/escape/treat_message.lua
28,2,847651573,/script/escape/dispensary.lua
29,2,869455560,/script/escape/ab_room2_message.lua
30,2,874850553,/script/escape/dispensary_message.lua
31,2,912485474,/script/escape/chief.lua
32,2,960643609,/script/escape/data_room.lua
33,2,973369169,/script/escape/lounge_message.lua
34,2,1042134054,/script/escape/ab_room_message.lua
35,2,1184571955,/script/escape/treat.lua
36,2,1310060686,/script/escape/gaulem.lua
37,2,1442339869,/script/escape/data_room_message.lua
38,2,1558640959,/script/escape/monitor_message.lua
39,2,1660668885,/script/escape/labo_message.lua
40,2,1680272104,/script/escape/storehouse_message.lua
41,2,1825246897,/script/escape/final_message.lua
42,2,1934461755,/script/escape/monitor.lua
43,2,1963091221,/script/escape/biotope.lua
44,2,2041431711,/script/escape/recreation.lua
45,2,2070661604,/script/escape/cabin_message.lua
46,3,4186310,/evcg/i00_30_00_1.dds
47,3,8876482,/evcg/p99_99_05_0.dds
48,3,11360008,/evcg/i48_15_00_4.dds
49,3,16188578,/evcg/s48_15_04_0.dds
50,3,19968238,/evcg/j41_15_00_0.dds
51,3,21401751,/evcg/j99_99_00_0.dds
52,3,30655835,/evcg/m30_20_00_1_00.dds
53,3,31683761,/evcg/s20_20_01_0.dds
54,3,33088448,/evcg/i38_30_00_0.dds
55,3,34674150,/evcg/s40_15_00_0.dds
56,3,37053843,/evcg/p41_10_04_0.dds
57,3,48261120,/evcg/i12_60_00_5.dds
58,3,56005346,/evcg/m30_20_00_6_02.dds
59,3,58650257,/evcg/s48_15_02_1.dds
60,3,59900454,/evcg/j38_20_06_0.dds
61,3,61875475,/evcg/m30_20_00_3_06.dds
62,3,70446331,/evcg/s38_30_01_0.dds
63,3,72231067,/evcg/k42_10_00_0.dds
64,3,72428968,/evcg/s20_30_01_6.dds
65,3,74490709,/evcg/j26_37_00_0.dds
66,3,78293951,/evcg/m30_20_00_1_13.dds
67,3,79515522,/evcg/p41_10_02_1.dds
68,3,83797834,/evcg/m99_99_00_0.dds
69,3,86740298,/evcg/t27_40_00_0.dds
70,3,88932465,/evcg/t38_45_00_0.dds
71,3,89396426,/evcg/t24_50_00_2.dds
72,3,94491669,/evcg/s33_30_00_0.dds
73,3,101836187,/evcg/k40_10_02_0.dds
74,3,103643462,/evcg/m30_20_00_6_15.dds
75,3,106345902,/evcg/m10_32_00_2.dds
76,3,110587579,/evcg/i12_60_00_0.dds
77,3,114349134,/evcg/j40_10_06_0.dds
78,3,122629732,/evcg/s28_58_01_0.dds
79,3,124201934,/evcg/m30_20_00_3_01.dds
80,3,126483050,/evcg/k30_30_00_0.dds
81,3,128256840,/evcg/s30_20_07_0.dds
82,3,134031970,
83,3,134755411,/evcg/s20_30_01_1.dds
84,3,143907091,/evcg/s38_45_02_1.dds
85,3,144830028,/evcg/s41_15_00_5.dds
86,3,146193917,
87,3,156810813,/evcg/j40_10_04_1.dds
88,3,158341591,/evcg/k48_10_01_5.dds
89,3,160270069,/evcg/z26_60_04_0.dds
90,3,161249011,/evcg/j26_35_00_0.dds
91,3,165969905,/evcg/m30_20_00_6_10.dds
92,3,171840034,/evcg/m30_20_00_3_14.dds
93,3,178860814,/evcg/i12_35_00_1.dds
94,3,183243788,
95,3,188676373,/evcg/s10_32_02_1.dds
96,3,197217873,/evcg/j38_20_01_0.dds
97,3,206104539,/evcg/j20_50_00_1.dds
98,3,207156471,/evcg/s41_15_00_0.dds
99,3,208079244,/evcg/k10_22_01_2.dds
100,3,208589984,/evcg/s99_99_00_0.dds
101,3,209353623,/evcg/s21_60_02_0.dds
102,3,210151829,/evcg/s30_50_01_0.dds
103,3,212722007,/evcg/s46_10_00_0.dds
104,3,218186549,/evcg/s00_20_06_1.dds
105,3,220668034,/evcg/k48_10_01_0.dds
106,3,223618146,/evcg/m30_20_00_2_06.dds
107,3,227343091,/evcg/e99_12_00_0.dds
108,3,242931451,/evcg/j28_55_01_3.dds
109,3,251666553,/evcg/j40_10_01_0.dds
110,3,253581504,/evcg/s26_35_03_1.dds
111,3,256704548,/evcg/m30_35_01_2.dds
112,3,260473305,/evcg/k10_22_00_0.dds
113,3,261678958,/evcg/s26_37_00_0.dds
114,3,265574259,/evcg/s30_20_02_0.dds
115,3,277037435,/evcg/t38_20_00_1.dds
116,3,281027976,/evcg/e99_08_00_0.dds
117,3,285944605,/evcg/m30_20_00_2_01.dds
118,3,287567793,/evcg/j12_55_00_1.dds
119,3,294654178,/evcg/i38_20_01_2.dds
120,3,295325512,/evcg/j28_55_00_1.dds
121,3,296043199,/evcg/s26_35_01_2.dds
122,3,299230105,/evcg/k26_37_03_0.dds
123,3,306784217,
124,3,308997141,/evcg/s28_59_00_1.dds
125,3,309098609,/evcg/m30_35_00_0.dds
126,3,313042289,/evcg/s00_20_03_0.dds
127,3,313671283,/evcg/t30_30_00_0.dds
128,3,314101393,/evcg/e99_10_00_0.dds
129,3,314393926,/evcg/s42_10_02_1.dds
130,3,318146101,/evcg/i00_20_00_1.dds
131,3,323781446,/evcg/j00_30_00_0.dds
132,3,326184230,/evcg/s30_30_04_0.dds
133,3,333582705,/evcg/m30_20_00_2_14.dds
134,3,340887526,/evcg/j48_15_01_0.dds
135,3,342355972,/evcg/p10_52_03_0.dds
136,3,347048255,/evcg/i38_20_00_0.dds
137,3,348437260,/evcg/s26_35_00_0.dds
138,3,353749516,/evcg/s20_55_00_4.dds
139,3,355990455,/evcg/i00_20_00_0_4.dds
140,3,363681898,/evcg/s20_55_01_1.dds
141,3,367786278,/evcg/e99_06_00_0.dds
142,3,368988992,/evcg/p48_17_00_3.dds
143,3,370498400,/evcg/j48_10_00_0.dds
144,3,371834820,/evcg/s27_37_00_5.dds
145,3,374473740,
146,3,378756072,/evcg/i00_30_02_1.dds
147,3,378921390,/evcg/p48_17_01_0.dds
148,3,385204328,/evcg/s47_10_00_0.dds
149,3,385360817,/evcg/m30_20_00_1_06.dds
150,3,390758340,/evcg/s48_15_06_0.dds
151,3,401496919,/evcg/i40_10_00_0.dds
152,3,408821568,/evcg/i11_56_00_1.dds
153,3,410640281,
154,3,410710344,/evcg/m30_20_00_6_08.dds
155,3,417195709,/evcg/k44_10_00_0.dds
156,3,419455351,/evcg/j28_37_00_0.dds
157,3,421217751,/evcg/i00_30_00_2.dds
158,3,428391449,/evcg/i48_15_00_5.dds
159,3,434161279,/evcg/s27_37_00_0.dds
160,3,434680608,/evcg/k11_55_00_0.dds
161,3,438854786,/evcg/s40_10_01_0.dds
162,3,440442841,/evcg/k30_20_00_0.dds
163,3,447687276,/evcg/m30_20_00_1_01.dds
164,3,448715202,/evcg/s20_20_01_1.dds
165,3,450119889,/evcg/i38_30_00_1.dds
166,3,451705591,/evcg/s40_15_00_1.dds
167,3,454544580,/evcg/e99_04_00_0.dds
168,3,473036787,/evcg/m30_20_00_6_03.dds
169,3,478906916,/evcg/m30_20_00_3_07.dds
170,3,490717892,/evcg/i48_15_00_0.dds
171,3,493708294,/evcg/s23_50_00_0.dds
172,3,495290566,/evcg/p48_10_00_0.dds
173,3,495325376,/evcg/m30_20_00_1_14.dds
174,3,501052812,/evcg/k30_30_02_0.dds
175,3,502826602,/evcg/s30_20_09_0.dds
176,3,505963906,/evcg/t38_45_00_1.dds
177,3,510969695,/evcg/s00_30_00_0.dds
178,3,511523110,/evcg/s33_30_00_1.dds
179,3,518867628,/evcg/k40_10_02_1.dds
180,3,520763679,/evcg/p99_99_02_0.dds
181,3,525699675,/evcg/k20_50_00_0.dds
182,3,527619020,/evcg/i12_60_00_1.dds
183,3,528075775,/evcg/s48_15_01_0.dds
184,3,534839831,/evcg/z26_60_06_0.dds
185,3,539661173,/evcg/s28_58_01_1.dds
186,3,541233375,/evcg/m30_20_00_3_02.dds
187,3,541302882,/evcg/e99_02_00_0.dds
188,3,548941024,/evcg/p41_10_01_0.dds
189,3,551786852,/evcg/s20_30_01_2.dds
190,3,571410438,/evcg/t21_60_00_0.dds
191,3,571787635,/evcg/j38_20_03_0.dds
192,3,572403300,/evcg/m26_60_00_0.dds
193,3,573204590,/evcg/j28_57_01_4.dds
194,3,575373032,/evcg/k48_10_01_6.dds
195,3,578066993,/evcg/s27_38_01_0.dds
196,3,581726233,/evcg/s41_15_02_0.dds
197,3,583001346,/evcg/m30_20_00_6_11.dds
198,3,583159746,/evcg/s99_99_02_0.dds
199,3,584112494,/evcg/k40_15_00_0.dds
200,3,588871475,/evcg/m30_20_00_3_15.dds
201,3,595892255,/evcg/i12_35_00_2.dds
202,3,596631195,/evcg/j42_10_01_0.dds
203,3,604180913,/evcg/s20_30_00_0.dds
204,3,606643584,/evcg/s28_37_00_0.dds
205,3,607162929,/evcg/k12_55_00_0.dds
206,3,611337107,/evcg/s41_10_01_0.dds
207,3,613332593,
208,3,614920648,/evcg/k28_55_00_0.dds
209,3,624187912,/evcg/s41_15_00_1.dds
210,3,626236315,
211,3,626385064,/evcg/s21_60_02_1.dds
212,3,628061184,/evcg/e99_00_00_0.dds
213,3,629753448,/evcg/s46_10_00_1.dds
214,3,634799383,/evcg/p26_60_00_0.dds
215,3,635217990,/evcg/s00_20_06_2.dds
216,3,637699475,/evcg/k48_10_01_1.dds
217,3,640144021,/evcg/s30_20_04_0.dds
218,3,640649587,/evcg/m30_20_00_2_07.dds
219,3,645919167,/evcg/j20_55_00_0.dds
220,3,650883178,/evcg/j30_30_01_0.dds
221,3,651197934,/evcg/m30_20_00_3_10.dds
222,3,657856831,/evcg/m30_60_00_0.dds
223,3,658101875,/evcg/s10_32_01_0.dds
224,3,659962892,/evcg/j28_55_01_4.dds
225,3,666969725,/evcg/z26_20_00_0.dds
226,3,672157250,/evcg/z26_60_01_0.dds
227,3,677504746,/evcg/k10_22_00_1.dds
228,3,687612051,/evcg/s00_20_05_0.dds
229,3,694068876,/evcg/t38_20_00_2.dds
230,3,697195466,/evcg/s26_60_00_0.dds
231,3,700753992,/evcg/s30_30_06_0.dds
232,3,702976046,/evcg/m30_20_00_2_02.dds
233,3,704599234,/evcg/j12_55_00_2.dds
234,3,711685619,/evcg/i38_20_01_3.dds
235,3,712356953,/evcg/j28_55_00_2.dds
236,3,712887908,/evcg/t20_50_00_0.dds
237,3,713074624,/evcg/s26_35_01_3.dds
238,3,723007022,/evcg/s26_35_02_0.dds
239,3,723815658,/evcg/i10_42_00_1.dds
240,3,726028582,/evcg/s28_59_00_2.dds
241,3,726130050,/evcg/m30_35_00_1.dds
242,3,730702724,/evcg/t30_30_00_1.dds
243,3,735177542,/evcg/i00_20_00_2.dds
244,3,740812887,/evcg/j00_30_00_1.dds
245,3,743215671,/evcg/s30_30_04_1.dds
246,3,746661023,/evcg/z11_55_00_0.dds
247,3,750614146,/evcg/m30_20_00_2_15.dds
248,3,753491136,/evcg/p48_17_03_0.dds
249,3,756594815,/evcg/k41_15_00_0.dds
250,3,758028328,/evcg/k99_99_00_0.dds
251,3,764079680,/evcg/i38_20_00_1.dds
252,3,765468701,/evcg/s26_35_00_1.dds
253,3,770780957,/evcg/s20_55_00_5.dds
254,3,771300727,/evcg/t40_15_00_0.dds
255,3,773021896,/evcg/i00_20_00_0_5.dds
256,3,780713339,/evcg/s20_55_01_2.dds
257,3,783819428,/evcg/s42_10_01_0.dds
258,3,788866261,/evcg/s27_37_00_6.dds
259,3,795787513,/evcg/i00_30_02_2.dds
260,3,802235769,/evcg/s47_10_00_1.dds
261,3,802392258,/evcg/m30_20_00_1_07.dds
262,3,811117286,/evcg/k26_37_00_0.dds
263,3,812940605,/evcg/m30_20_00_2_10.dds
264,3,813424548,/evcg/s40_10_03_0.dds
265,3,821898442,/evcg/j28_58_00_0.dds
266,3,825853009,/evcg/i11_56_00_2.dds
267,3,827741785,/evcg/m30_20_00_6_09.dds
268,3,833107400,/evcg/s20_55_00_0.dds
269,3,834227150,/evcg/k44_10_00_1.dds
270,3,838071411,/evcg/s30_30_01_0.dds
271,3,845422890,/evcg/i48_15_00_6.dds
272,3,848181574,/evcg/i00_30_01_0.dds
273,3,849670495,/evcg/i10_57_00_0.dds
274,3,851192704,/evcg/s27_37_00_1.dds
275,3,854243153,/evcg/p10_52_00_0.dds
276,3,856737499,/evcg/i25_20_00_0.dds
277,3,864718717,/evcg/m30_20_00_1_02.dds
278,3,867151330,/evcg/i38_30_00_2.dds
279,3,868737032,/evcg/s40_15_00_2.dds
280,3,890068228,/evcg/m30_20_00_6_04.dds
281,3,895333425,
282,3,895938357,/evcg/m30_20_00_3_08.dds
283,3,902645521,/evcg/s48_15_03_0.dds
284,3,907749333,/evcg/i48_15_00_1.dds
285,3,908622333,/evcg/j21_60_01_0.dds
286,3,910739735,/evcg/s23_50_00_1.dds
287,3,918140704,/evcg/s20_20_00_0.dds
288,3,923510786,/evcg/p41_10_03_0.dds
289,3,928001120,/evcg/s00_30_00_1.dds
290,3,935899069,/evcg/k40_10_02_2.dds
291,3,944650461,/evcg/i12_60_00_2.dds
292,3,946357397,/evcg/j38_20_05_0.dds
293,3,956692614,/evcg/s28_58_01_2.dds
294,3,958264800,/evcg/m30_20_00_3_03.dds
295,3,968818293,
296,3,974683276,/evcg/m30_20_00_1_10.dds
297,3,988293130,/evcg/k40_10_01_0.dds
298,3,988441879,/evcg/t21_60_00_1.dds
299,3,990288531,/evcg/s30_20_11_0.dds
300,3,994454421,/evcg/k38_30_03_0.dds
301,3,1000032787,/evcg/m30_20_00_6_12.dds
302,3,1000806077,/evcg/j40_10_05_0.dds
303,3,1005902916,/evcg/m30_20_00_3_16.dds
304,3,1009086675,/evcg/s28_58_00_0.dds
305,3,1011155257,/evcg/s26_50_00_0.dds
306,3,1014713783,/evcg/s30_20_06_0.dds
307,3,1020488913,/evcg/j20_55_02_0.dds
308,3,1022739255,/evcg/s10_32_02_3.dds
309,3,1022856078,/evcg/i12_35_01_0.dds
310,3,1028368548,/evcg/s41_10_01_1.dds
311,3,1031952089,/evcg/k28_55_00_1.dds
312,3,1032671637,/evcg/s10_32_03_0.dds
313,3,1041219353,/evcg/s41_15_00_2.dds
314,3,1046727012,/evcg/z26_60_03_0.dds
315,3,1046784889,/evcg/s46_10_00_2.dds
316,3,1052562474,/evcg/j28_57_01_0.dds
317,3,1054730916,/evcg/k48_10_01_2.dds
318,3,1057681028,/evcg/m30_20_00_2_08.dds
319,3,1068229375,/evcg/m30_20_00_3_11.dds
320,3,1076994333,/evcg/j28_55_01_5.dds
321,3,1095810566,/evcg/s21_60_01_0.dds
322,3,1096608772,/evcg/s30_50_00_0.dds
323,3,1107124977,/evcg/k48_10_00_0.dds
324,3,1111100317,/evcg/t38_20_00_3.dds
325,3,1114226907,/evcg/s26_60_00_1.dds
326,3,1117785433,/evcg/s30_30_06_1.dds
327,3,1120007487,/evcg/m30_20_00_2_03.dds
328,3,1121630675,/evcg/j12_55_00_3.dds
329,3,1129388394,/evcg/j28_55_00_3.dds
330,3,1129919349,/evcg/t20_50_00_1.dds
331,3,1138123496,/evcg/j40_10_00_0.dds
332,3,1138889277,/evcg/s00_10_00_0.dds
333,3,1139320776,/evcg/j28_55_01_0.dds
334,3,1140038463,/evcg/s26_35_02_1.dds
335,3,1143060023,/evcg/s28_59_00_3.dds
336,3,1143161491,/evcg/m30_35_00_2.dds
337,3,1146070899,/evcg/m38_20_00_0.dds
338,3,1147734165,/evcg/t30_30_00_2.dds
339,3,1152031202,/evcg/s30_20_01_0.dds
340,3,1152208983,/evcg/i00_20_00_3.dds
341,3,1157844328,/evcg/j00_30_00_2.dds
342,3,1162770937,/evcg/k38_45_01_0.dds
343,3,1167645587,/evcg/m30_20_00_2_16.dds
344,3,1185687048,/evcg/k26_37_02_0.dds
345,3,1187812398,/evcg/s20_55_00_6.dds
346,3,1194635121,/evcg/i12_57_00_0.dds
347,3,1199499232,/evcg/s00_20_02_0.dds
348,3,1199930169,
349,3,1202392840,/evcg/i28_57_00_0.dds
350,3,1212641173,/evcg/s30_30_03_0.dds
351,3,1219423699,/evcg/m30_20_00_1_08.dds
352,3,1222751336,/evcg/i00_30_03_0.dds
353,3,1227344469,
354,3,1228148727,/evcg/k26_37_00_1.dds
355,3,1228812915,/evcg/p10_52_02_0.dds
356,3,1229972046,/evcg/m30_20_00_2_11.dds
357,3,1238929883,/evcg/j28_58_00_1.dds
358,3,1250138841,/evcg/s20_55_00_1.dds
359,3,1252379780,/evcg/i00_20_00_0_1.dds
360,3,1265213015,/evcg/i00_30_01_1.dds
361,3,1265378333,/evcg/p48_17_00_0.dds
362,3,1266701920,/evcg/i10_57_00_1.dds
363,3,1268224145,/evcg/s27_37_00_2.dds
364,3,1269903187,/evcg/p99_99_06_0.dds
365,3,1270863065,/evcg/s38_20_00_0.dds
366,3,1273768940,/evcg/i25_20_00_1.dds
367,3,1277215283,
368,3,1277335703,/evcg/j27_38_00_0.dds
369,3,1280994943,/evcg/j41_15_01_0.dds
370,3,1281750158,/evcg/m30_20_00_1_03.dds
371,3,1284182771,/evcg/i38_30_00_3.dds
372,3,1285768473,/evcg/s40_15_00_3.dds
373,3,1289151142,/evcg/i28_55_00_0.dds
374,3,1289740552,/evcg/m48_15_00_0.dds
375,3,1292560960,/evcg/k10_56_00_0.dds
376,3,1298080548,/evcg/p41_10_05_0.dds
377,3,1307099669,/evcg/m30_20_00_6_05.dds
378,3,1310605817,/evcg/j41_10_00_0.dds
379,3,1311390649,/evcg/e99_09_00_0.dds
380,3,1312969798,/evcg/m30_20_00_3_09.dds
381,3,1320927159,/evcg/j38_20_07_0.dds
382,3,1324780774,/evcg/i48_15_00_2.dds
383,3,1325311729,/evcg/s40_10_00_0.dds
384,3,1326101578,/evcg/k21_30_00_0.dds
385,3,1333257772,/evcg/k42_10_01_0.dds
386,3,1335517414,/evcg/j26_37_01_0.dds
387,3,1344464066,/evcg/e99_11_00_0.dds
388,3,1352930510,/evcg/k40_10_02_3.dds
389,3,1355518374,/evcg/s33_30_01_0.dds
390,3,1356119899,/evcg/s28_50_00_0.dds
391,3,1357106429,/evcg/k23_40_00_0.dds
392,3,1361681902,/evcg/i12_60_00_3.dds
393,3,1369426112,
394,3,1372903231,
395,3,1373001900,/evcg/m41_10_00_0.dds
396,3,1375296241,/evcg/m30_20_00_3_04.dds
397,3,1385849734,/evcg/s20_30_01_4.dds
398,3,1387509755,/evcg/k30_30_01_0.dds
399,3,1389283545,/evcg/s30_20_08_0.dds
400,3,1391714717,/evcg/m30_20_00_1_11.dds
401,3,1395058675,/evcg/j20_55_04_0.dds
402,3,1398148951,/evcg/e99_07_00_0.dds
403,3,1402817192,/evcg/t24_50_00_0.dds
404,3,1407220622,/evcg/p99_99_01_0.dds
405,3,1410568563,
406,3,1414532718,
407,3,1417064228,/evcg/m30_20_00_6_13.dds
408,3,1419766668,/evcg/m10_32_00_0.dds
409,3,1421296774,/evcg/z26_60_05_0.dds
410,3,1422934357,/evcg/m30_20_00_3_17.dds
411,3,1426118116,/evcg/s28_58_00_1.dds
412,3,1432258822,/evcg/i99_99_00_0.dds
413,3,1434338111,/evcg/m30_20_00_4.dds
414,3,1435397983,/evcg/p41_10_00_0.dds
415,3,1439887519,/evcg/i12_35_01_1.dds
416,3,1449703078,/evcg/s10_32_03_1.dds
417,3,1458244578,/evcg/j38_20_02_0.dds
418,3,1458250794,/evcg/s41_15_00_3.dds
419,3,1463816330,/evcg/s46_10_00_3.dds
420,3,1464523936,
421,3,1468183176,/evcg/s41_15_01_0.dds
422,3,1469616689,/evcg/s99_99_01_0.dds
423,3,1471762357,/evcg/k48_10_01_3.dds
424,3,1474712469,/evcg/m30_20_00_2_09.dds
425,3,1479749209,/evcg/t10_56_00_0.dds
426,3,1483088138,/evcg/j42_10_00_0.dds
427,3,1484907253,/evcg/e99_05_00_0.dds
428,3,1485260800,/evcg/m30_20_00_3_12.dds
429,3,1494025774,/evcg/j28_55_01_6.dds
430,3,1497794050,/evcg/s41_10_00_0.dds
431,3,1499789536,/evcg/s38_45_00_0.dds
432,3,1512693258,/evcg/j40_10_02_0.dds
433,3,1512842007,/evcg/s21_60_01_1.dds
434,3,1521500010,/evcg/k10_22_01_0.dds
435,3,1526600964,/evcg/s30_20_03_0.dds
436,3,1531258348,/evcg/s26_60_00_2.dds
437,3,1537038912,/evcg/m30_20_00_2_04.dds
438,3,1537340121,/evcg/j30_30_00_0.dds
439,3,1544558818,/evcg/s10_32_00_0.dds
440,3,1555920718,/evcg/s00_10_00_1.dds
441,3,1556352217,/evcg/j28_55_01_1.dds
442,3,1558525019,/evcg/k28_58_00_0.dds
443,3,1558614193,/evcg/z26_60_00_0.dds
444,3,1563102340,/evcg/m38_20_00_1.dds
445,3,1569240424,/evcg/i00_20_00_4.dds
446,3,1570125314,/evcg/m30_35_01_0.dds
447,3,1571665555,/evcg/e99_03_00_0.dds
448,3,1584677028,/evcg/m30_20_00_2_17.dds
449,3,1587210935,/evcg/s30_30_05_0.dds
450,3,1601914231,/evcg/j48_15_02_0.dds
451,3,1607880288,/evcg/p42_10_00_0.dds
452,3,1608074944,/evcg/i38_20_01_0.dds
453,3,1609463965,/evcg/s26_35_01_0.dds
454,3,1611666562,/evcg/i12_57_00_1.dds
455,3,1616530673,/evcg/s00_20_02_1.dds
456,3,1636455140,/evcg/m30_20_00_1_09.dds
457,3,1639948095,/evcg/p48_17_02_0.dds
458,3,1645180168,/evcg/k26_37_00_2.dds
459,3,1647003487,/evcg/m30_20_00_2_12.dds
460,3,1655760159,/evcg/m25_20_00_0.dds
461,3,1658423857,/evcg/e99_01_00_0.dds
462,3,1667170282,/evcg/s20_55_00_2.dds
463,3,1669411221,/evcg/i00_20_00_0_2.dds
464,3,1670276371,/evcg/s42_10_00_0.dds
465,3,1671066220,/evcg/k23_30_00_0.dds
466,3,1682244456,/evcg/i00_30_01_2.dds
467,3,1682409774,/evcg/p48_17_00_1.dds
468,3,1683733361,/evcg/i10_57_00_2.dds
469,3,1685255586,/evcg/s27_37_00_3.dds
470,3,1687894506,/evcg/s38_20_00_1.dds
471,3,1698781599,/evcg/m30_20_00_1_04.dds
472,3,1699881491,/evcg/s40_10_02_0.dds
473,3,1702799914,
474,3,1715111989,
475,3,1717377132,/evcg/i23_50_00_0.dds
476,3,1724131110,/evcg/m30_20_00_6_06.dds
477,3,1724528354,/evcg/s30_30_00_0.dds
478,3,1734638517,/evcg/i00_30_00_0.dds
479,3,1741812215,/evcg/i48_15_00_3.dds
480,3,1745713252,/evcg/t28_58_00_0.dds
481,3,1756317271,/evcg/p48_10_01_0.dds
482,3,1769961951,/evcg/k40_10_02_4.dds
483,3,1772549815,/evcg/s33_30_01_1.dds
484,3,1773485305,/evcg/s10_57_00_0.dds
485,3,1778713343,/evcg/i12_60_00_4.dds
486,3,1781355487,/evcg/i48_10_00_0.dds
487,3,1781790368,/evcg/p99_99_03_0.dds
488,3,1786457553,/evcg/m30_20_00_6_01.dds
489,3,1789102464,/evcg/s48_15_02_0.dds
490,3,1792327682,/evcg/m30_20_00_3_05.dds
491,3,1795079276,
492,3,1802881175,/evcg/s20_30_01_5.dds
493,3,1804541196,/evcg/k30_30_01_1.dds
494,3,1808746158,/evcg/m30_20_00_1_12.dds
495,3,1809785188,/evcg/s20_60_00_0.dds
496,3,1809967729,/evcg/p41_10_02_0.dds
497,3,1819848633,/evcg/t24_50_00_1.dds
498,3,1827600004,/evcg/s30_40_00_1.dds
499,3,1832814340,/evcg/j38_20_04_0.dds
500,3,1834095669,/evcg/m30_20_00_6_14.dds
501,3,1836798109,/evcg/m10_32_00_1.dds
502,3,1839965798,/evcg/m30_20_00_3_18.dds
503,3,1843548541,/evcg/k24_30_00_0.dds
504,3,1851369536,/evcg/m30_20_00_5.dds
505,3,1852261115,/evcg/j28_59_00_0.dds
506,3,1854654141,/evcg/m30_20_00_3_00.dds
507,3,1865207618,/evcg/s20_30_01_0.dds
508,3,1866734519,/evcg/s10_32_03_2.dds
509,3,1874359298,/evcg/s38_45_02_0.dds
510,3,1874750073,/evcg/k40_10_00_0.dds
511,3,1875282235,/evcg/s41_15_00_4.dds
512,3,1876745474,/evcg/s30_20_10_0.dds
513,3,1881555377,/evcg/s27_38_00_1.dds
514,3,1887263020,/evcg/j40_10_04_0.dds
515,3,1888793798,/evcg/k48_10_01_4.dds
516,3,1891384347,/evcg/trDISPLAYHINT.dds
517,3,1895826088,/evcg/p26_60_01_0.dds
518,3,1901170726,/evcg/s30_20_05_0.dds
519,3,1902292241,/evcg/m30_20_00_3_13.dds
520,3,1906945856,/evcg/j20_55_01_0.dds
521,3,1909313021,/evcg/i12_35_00_0.dds
522,3,1913695995,/evcg/m30_20_00_0.dds
523,3,1914825491,/evcg/s41_10_00_1.dds
524,3,1919128580,/evcg/s10_32_02_0.dds
525,3,1929873448,/evcg/s21_60_01_2.dds
526,3,1933183955,/evcg/z26_60_02_0.dds
527,3,1936556746,/evcg/j20_50_00_0.dds
528,3,1938531451,/evcg/k10_22_01_1.dds
529,3,1939019417,
530,3,1948638756,/evcg/s00_20_06_0.dds
531,3,1954070353,/evcg/m30_20_00_2_05.dds
532,3,1955693557,
533,3,1963971046,/evcg/k48_15_00_0.dds
534,3,1973383658,/evcg/j28_55_01_2.dds
535,3,1984033727,/evcg/s26_35_03_0.dds
536,3,1987156755,/evcg/m30_35_01_1.dds
537,3,2001708469,/evcg/m30_20_00_2_18.dds
538,3,2007489642,/evcg/t38_20_00_0.dds
539,3,2014517841,/evcg/p48_17_04_0.dds
540,3,2016396812,/evcg/m30_20_00_2_00.dds
541,3,2018020000,/evcg/j12_55_00_0.dds
542,3,2025106385,/evcg/i38_20_01_1.dds
543,3,2025777719,/evcg/j28_55_00_0.dds
544,3,2026495406,/evcg/s26_35_01_1.dds
545,3,2028698003,/evcg/i12_57_00_2.dds
546,3,2032725928,/evcg/s11_55_00_0.dds
547,3,2038488145,/evcg/s30_20_00_0.dds
548,3,2039449348,/evcg/s28_59_00_0.dds
549,3,2044846133,/evcg/s42_10_02_0.dds
550,3,2048598308,/evcg/i00_20_00_0.dds
551,3,2049227880,/evcg/k38_45_00_0.dds
552,3,2056776238,/evcg/i20_55_00_0.dds
553,3,2062341774,/evcg/i25_50_00_0.dds
554,3,2064034912,/evcg/m30_20_00_2_13.dds
555,3,2072143991,/evcg/k26_37_01_0.dds
556,3,2084201723,/evcg/s20_55_00_3.dds
557,3,2085956191,
558,3,2086442662,/evcg/i00_20_00_0_3.dds
559,3,2087581115,/evcg/j28_37_00_4.dds
560,3,2094134105,/evcg/s20_55_01_0.dds
561,3,2099098116,/evcg/s30_30_02_0.dds
562,3,2099441215,/evcg/p48_17_00_2.dds
563,3,2102287027,/evcg/s27_37_00_4.dds
564,3,2104925947,/evcg/s38_20_00_2.dds
565,3,2109208279,/evcg/i00_30_02_0.dds
566,3,2110425066,/evcg/p26_60_021_0.dds
567,3,2115269858,/evcg/p10_52_01_0.dds
568,3,2115813024,/evcg/m30_20_00_1_05.dds
569,3,2132281792,/evcg/z38_20_00_0.dds
570,3,2139273791,/evcg/i11_56_00_0.dds
571,3,2141162551,/evcg/m30_20_00_6_07.dds
572,3,2141809542,/evcg/i20_20_00_0.dds
573,4,639234261,/minigame/DICE1/DATA_DICE_tex_1.pack
574,4,1069490577,/minigame/DICE1/DATA_DICE_mdl.pack
575,5,51587492,
576,5,162229506,
577,5,211132049,
578,5,245491991,
579,5,360388249,
580,5,457845292,
581,5,561852095,
582,5,623626065,
583,5,713178199,
584,5,1064093017,
585,5,1372226154,
586,5,1739762161,
587,5,2032963321,
588,6,36382180,/script/novel/s10_45_Mur_Dex_Ma2.lua
589,6,39033226,/script/novel/s25_10_Yot_Skp_Mae.lua
590,6,49096236,/script/novel/s25_20_Yot_Skp_Ato.lua
591,6,56909390,/script/novel/s77_77_Tai_Ken_Ban.lua
592,6,63654395,/script/novel/s24_50_Qua_Dex_Kyo.lua
593,6,69105934,/script/novel/s23_50_Tmj_Dex_Kyo.lua
594,6,74301267,/script/novel/s11_60_Kii_Dex_Ura.lua
595,6,119480639,/script/novel/s20_50_Lun_Dex_Kyo.lua
596,6,175585158,/script/novel/s24_30_Qua_Gouryuu.lua
597,6,181036697,/script/novel/s23_30_Tmj_Gouryuu.lua
598,6,217923562,/script/novel/s12_10_Miz_Skp_Mae.lua
599,6,221605019,/script/novel/s21_10_Kkk_Skp_Mae.lua
600,6,227986572,/script/novel/s12_20_Miz_Skp_Ato.lua
601,6,231411402,/script/novel/s20_30_Lun_Gouryuu.lua
602,6,231668029,/script/novel/s21_20_Kkk_Skp_Ato.lua
603,6,233050946,/script/novel/s47_15_Sig_End_002.lua
604,6,249164676,/script/novel/s22_60_Dio_Dex_Ura.lua
605,6,263879810,/script/novel/s28_10_Phi_Skp_Mae.lua
606,6,272069772,/script/novel/s11_40_Kii_Dex_Mae.lua
607,6,273942820,/script/novel/s28_20_Phi_Skp_Ato.lua
608,6,275238553,/script/novel/s10_60_Mur_Dex_Ura.lua
609,6,293049431,/script/novel/s11_57_Kii_Dex_Ky2.lua
610,6,349408565,/script/novel/s27_39_Kyoutsuu.lua
611,6,406583758,/script/novel/s46_10_Ali_End_001.lua
612,6,429899545,/script/novel/s38_40_Phi_Dex_Mae.lua
613,6,432667837,/script/novel/s11_50_Kii_Dex_Kyo.lua
614,6,446933181,/script/novel/s22_40_Dio_Dex_Mae.lua
615,6,458877420,/script/novel/s47_10_Sig_End_001.lua
616,6,473007042,/script/novel/s10_40_Mur_Dex_Mae.lua
617,6,473962043,/script/novel/s27_38_Sig_Gouryu3.lua
618,6,477165821,/script/novel/s30_35_Lun_Gouryu2.lua
619,6,544864279,/script/novel/s28_59_Phi_Dex_Ky4.lua
620,6,589437770,/script/novel/s41_15_Kkk_End_002.lua
621,6,590224650,/script/novel/s11_56_KyouTsu2.lua
622,6,590497610,/script/novel/s38_50_phi_dex_kyo.lua
623,6,607531246,/script/novel/s22_50_Dio_Dex_Kyo.lua
624,6,623170741,/script/novel/s33_60_Tmj_Dex_Ura.lua
625,6,631712561,/script/novel/s48_15_Phi_End_002.lua
626,6,632692435,/script/novel/s45_10_Yot_End_001.lua
627,6,633605107,/script/novel/s10_50_Mur_Dex_Kyo.lua
628,6,649467972,/script/novel/s24_10_Qua_Skp_Mae.lua
629,6,653614877,/script/novel/s12_55_KyouTsuu.lua
630,6,654919511,/script/novel/s23_10_Tmj_Skp_Mae.lua
631,6,659530982,/script/novel/s24_20_Qua_Skp_Ato.lua
632,6,664982521,/script/novel/s23_20_Tmj_Skp_Ato.lua
633,6,673545446,/script/novel/s30_60_Lun_Dex_Ura.lua
634,6,678559703,/script/novel/s10_42_KyouTsuu.lua
635,6,702428373,/script/novel/s38_30_Phi_Gouryuu.lua
636,6,705294216,/script/novel/s20_10_Lun_Skp_Mae.lua
637,6,715357226,/script/novel/s20_20_Lun_Skp_Ato.lua
638,6,716572448,/script/novel/s11_25_Kii_Skp_At2.lua
639,6,719462009,/script/novel/s22_30_Dio_Gouryuu.lua
640,6,751045847,/script/novel/s77_77_Tai_Ken_Ban_steam.lua
641,6,799969996,/script/novel/s00_30_plg_gouryuu.lua
642,6,811815046,/script/novel/test.lua
643,6,815264228,/script/novel/s41_10_Kkk_End_001.lua
644,6,820939246,/script/novel/s33_40_Tmj_Dex_Mae.lua
645,6,857539035,/script/novel/s48_10_phi_end_001.lua
646,6,871313951,/script/novel/s30_40_Lun_Dex_Mae.lua
647,6,911018158,/script/novel/s10_57_Mur_Dex_Ky3.lua
648,6,917509734,/script/novel/s10_25_Mur_Skp_At2.lua
649,6,981537311,/script/novel/s33_50_Tmj_Dex_Kyo.lua
650,6,992201979,/script/novel/s26_37_Ali_Gouryu2.lua
651,6,1016228034,/script/novel/s26_60_Ali_Dex_Ura.lua
652,6,1018481414,/script/novel/s11_10_Kii_Skp_Mae.lua
653,6,1028544424,/script/novel/s11_20_Kii_Skp_Ato.lua
654,6,1031912000,/script/novel/s30_50_Lun_Dex_Kyo.lua
655,6,1044495641,/script/novel/s27_37_Sig_Gouryu2.lua
656,6,1068521696,/script/novel/s27_60_Sig_Dex_Ura.lua
657,6,1073126967,/script/novel/s40_15_Lun_End_002.lua
658,6,1093468074,/script/novel/s33_30_Tmj_Gouryuu.lua
659,6,1094629312,/script/novel/s12_67_Miz_Dex_Ur3.lua
660,6,1143842779,/script/novel/s30_30_Lun_Gouryuu.lua
661,6,1150551136,/script/novel/s26_35_Kyoutsuu.lua
662,6,1176311187,/script/novel/s38_10_Phi_Skp_Mae.lua
663,6,1186374197,/script/novel/s38_20_Phi_Skp_Ato.lua
664,6,1193344823,/script/novel/s22_10_dio_skp_mae.lua
665,6,1203407833,/script/novel/s22_20_Dio_Skp_Ato.lua
666,6,1213996539,/script/novel/s26_40_Ali_Dex_Mae.lua
667,6,1219418700,/script/novel/s10_10_Mur_Skp_Mae.lua
668,6,1221097572,/script/novel/s48_17_Phi_End_003.lua
669,6,1224847438,/script/novel/s12_35_Miz_GouRyu2.lua
670,6,1229481710,/script/novel/s10_20_Mur_Skp_Ato.lua
671,6,1242336727,/script/novel/s25_60_Yot_Dex_Ura.lua
672,6,1243127197,/script/novel/s44_10_Qua_End_001.lua
673,6,1248578720,/script/novel/s43_10_Tmj_End_001.lua
674,6,1266290201,/script/novel/s27_40_Sig_Dex_Mae.lua
675,6,1273852810,/script/novel/s00_10_PLG_Skp_Mae.lua
676,6,1283915820,/script/novel/s00_20_plg_skp_ato.lua
677,6,1298953425,/script/novel/s40_10_Lun_End_001.lua
678,6,1352790197,/script/novel/s10_22_KyouTsuu.lua
679,6,1374594604,/script/novel/s26_50_Ali_Dex_Kyo.lua
680,6,1415186280,/script/novel/s10_52_KyouTsuu.lua
681,6,1421227063,/script/novel/s12_60_Miz_Dex_Ura.lua
682,6,1424908520,/script/novel/s21_60_Kkk_Dex_Ura.lua
683,6,1426888266,/script/novel/s27_50_Sig_Dex_Kyo.lua
684,6,1440105216,/script/novel/s25_40_Yot_Dex_Mae.lua
685,6,1443157256,/script/novel/s28_37_Phi_Gouryu2.lua
686,6,1467183327,/script/novel/s28_60_Phi_Dex_Ura.lua
687,6,1478155739,/script/novel/s11_67_Kii_Dex_Ur2.lua
688,6,1486525367,/script/novel/s26_30_Ali_Gouryuu.lua
689,6,1513577905,/script/novel/s28_55_Phi_Dex_Ky2.lua
690,6,1533017521,/script/novel/s90_90_tsu_ika_900.lua
691,6,1538819029,/script/novel/s27_30_Sig_Gouryuu.lua
692,6,1567350888,/script/novel/s33_10_Tmj_Skp_Mae.lua
693,6,1577413898,/script/novel/s33_20_Tmj_Skp_Ato.lua
694,6,1600703281,/script/novel/s25_50_Yot_Dex_Kyo.lua
695,6,1601608748,/script/novel/s10_56_KyouTsuu.lua
696,6,1617725593,/script/novel/s30_10_Lun_Skp_Mae.lua
697,6,1618995552,/script/novel/s12_40_Miz_Dex_Mae.lua
698,6,1622677009,/script/novel/s21_40_Kkk_Dex_Mae.lua
699,6,1627788603,/script/novel/s30_20_Lun_Skp_Ato.lua
700,6,1639975227,/script/novel/s12_57_Miz_Dex_Ky2.lua
701,6,1641179916,/script/novel/s11_55_KyouTsuu.lua
702,6,1664951816,/script/novel/s28_40_Phi_Dex_Mae.lua
703,6,1679093009,/script/novel/s10_67_Mur_Dex_Ur2.lua
704,6,1712634060,/script/novel/s25_30_Yot_Gouryuu.lua
705,6,1750143259,/script/novel/s12_56_KyouTsu2.lua
706,6,1779593617,/script/novel/s12_50_Miz_Dex_Kyo.lua
707,6,1783275074,/script/novel/s21_50_Kkk_Dex_Kyo.lua
708,6,1787004032,/script/novel/s42_10_Dio_End_001.lua
709,6,1825549881,/script/novel/s28_50_Phi_Dex_Kyo.lua
710,6,1852771473,/script/novel/s24_60_Qua_Dex_Ura.lua
711,6,1858223012,/script/novel/s23_60_Tmj_Dex_Ura.lua
712,6,1862232887,/script/novel/s28_58_Kyoutsuu.lua
713,6,1891524396,/script/novel/s12_30_Miz_GouRyuu.lua
714,6,1895205853,/script/novel/s21_30_Kkk_Gouryuu.lua
715,6,1908597717,/script/novel/s20_60_Lun_Dex_Ura.lua
716,6,1937480644,/script/novel/s28_30_Phi_Gouryuu.lua
717,6,1954992311,/script/novel/s20_55_Lun_Dex_Ky2.lua
718,6,1960408181,/script/novel/s26_10_Ali_Skp_Mae.lua
719,6,1970471191,/script/novel/s26_20_Ali_Skp_Ato.lua
720,6,1982928558,/script/novel/s11_45_Kii_Dex_Ma2.lua
721,6,2012701843,/script/novel/s27_10_Sig_Skp_Mae.lua
722,6,2022764853,/script/novel/s27_20_Sig_Skp_Ato.lua
723,6,2050539978,/script/novel/s24_40_Qua_Dex_Mae.lua
724,6,2055991517,/script/novel/s23_40_Tmj_Dex_Mae.lua
725,6,2063498244,/script/novel/s12_25_miz_skp_at2.lua
726,6,2089416774,/script/novel/s10_32_kyoutsuu.lua
727,6,2102962916,/script/novel/s28_57_Phi_Dex_Ky3.lua
728,6,2106366222,/script/novel/s20_40_Lun_Dex_Mae.lua
729,6,2140758331,/script/novel/s38_45_Phi_Dex_Ma2.lua
730,7,176578628,
731,7,548645412,
732,7,665603850,
733,7,720896215,
734,7,1926999718,
735,7,2037853386,
736,8,57665713,/pic/select_janken.zip
737,8,231528142,/pic/select_door.zip
738,8,656903488,
739,8,842183264,/pic/minigame_result.zip
740,8,1028728744,/pic/minigame_clear.zip
741,8,1236877572,/pic/bangle.zip
742,8,1381551037,/pic/title.zip
743,8,1437005734,/pic/picsys.zip
744,8,1590758803,/pic/flow.zip
745,8,1679024733,/pic/abresult.zip
746,8,1685433695,/pic/select_dice.zip
747,8,1933000942,/pic/cutin.zip
748,8,1967271106,/pic/fighting_table.zip
749,9,49749664,
750,9,122217685,/pic/ui/room_window_r.dds
751,9,330567844,
752,9,345894696,
753,9,439494641,
754,9,520883426,
755,9,538672010,/pic/ui/bg.tga
756,9,711099656,
757,9,749240629,/pic/ui/up.dds
758,9,828366015,
759,9,879020782,
760,9,909756149,/pic/ui/maru.dds
761,9,987346858,
762,9,1030327272,
763,9,1071385983,
764,9,1200580539,
765,9,1317691391,
766,9,1337874143,
767,9,1395861809,
768,9,1842420855,
769,9,1914996351,/pic/ui/room_window_l.dds
770,9,1987644689,
771,9,2021374641,
772,10,61348300,/script/minigame/MGdiSHELF.lua
773,10,93616019,/script/minigame/MGreDARTS1.lua
774,10,225826368,/script/minigame/MGcoLOCKER1.lua
775,10,235339769,/script/minigame/MGfiABGAME.lua
776,10,256409715,/script/minigame/MGnoHOLOGRAM.lua
777,10,270522357,/script/minigame/MGcoPIPELINE.lua
778,10,385795014,/script/minigame/MGstSLIDEICE.lua
779,10,404342116,/script/minigame/MGloCLOCK.lua
780,10,407763801,/script/minigame/MGmoSANDGLASS.lua
781,10,412346457,/script/minigame/test.lua
782,10,435313745,/script/minigame/MGtrMONITER.lua
783,10,510647460,/script/minigame/MGreDARTS2.lua
784,10,537340078,/script/minigame/MGnoDECIPHER.lua
785,10,551488908,/script/minigame/MGdaCYLINDER.lua
786,10,594818916,/script/minigame/MGdaTENBIN2.lua
787,10,642857809,/script/minigame/MGcoLOCKER2.lua
788,10,664830963,/script/minigame/MGfiDICE2.lua
789,10,683713576,/script/minigame/MGgaEYE.lua
790,10,696202015,/script/minigame/MGfiLIGHTSOUT.lua
791,10,783675615,/script/minigame/MGtrHITANDBLOW.lua
792,10,836344746,/script/minigame/KeyBoard.lua
793,10,840225832,/script/minigame/MGtrAQUARIUM.lua
794,10,900762139,/script/minigame/MGfiCUBE.lua
795,10,955992369,/script/minigame/MGabSLIDE.lua
796,10,966193862,/script/minigame/MGdiPICTURE.lua
797,10,990318754,/script/minigame/MGstSHELFBUTTON.lua
798,10,1065645237,/script/minigame/MGabSAFETYBOX.lua
799,10,1105674118,/script/minigame/MBbiTOUCH.lua
800,10,1113923195,/script/minigame/MGlaMEDIUM.lua
801,10,1137195381,/script/minigame/MGmoPCLOGIN.lua
802,10,1138291511,/script/minigame/MGgaVOLTAGE.lua
803,10,1222752328,/script/minigame/MGdaDICE1.lua
804,10,1240765038,/script/minigame/MGchDOOR2.lua
805,10,1241031788,/script/minigame/LIGHTSOUT.lua
806,10,1256679950,/script/minigame/MGchPAZZLE.lua
807,10,1268393787,/script/minigame/KeyLock.lua
808,10,1328205501,/script/minigame/MGmoLIGHTSOUT1.lua
809,10,1479950457,/script/minigame/MGmoSCREEN.lua
810,10,1496445888,/script/minigame/MGlaPIPELINE.lua
811,10,1515442617,/script/minigame/MGbiTENBIN1.lua
812,10,1548033642,/script/minigame/MGreBILLIARDS.lua
813,10,1622569292,/script/minigame/KeyBoard2.lua
814,10,1641611564,/script/minigame/NGabgameA.lua
815,10,1680233126,/script/minigame/MGco3D.lua
816,10,1687893405,/script/minigame/MGlaDNA.lua
817,10,1698176260,/script/minigame/MGchPCLOGIN.lua
818,10,1713653083,/script/minigame/MGdeDOOR1.lua
819,10,1745236942,/script/minigame/MGmoLIGHTSOUT2.lua
820,10,1854313930,/script/minigame/MGnoBOMB.lua
821,10,1874846101,/script/minigame/MGdeLIFT.lua
822,10,1888080230,/script/minigame/MGstMAJORNUTRIENT.lua
823,10,1892825320,/script/minigame/MGgaPC.lua
824,10,1992787534,/script/minigame/MGcaPOSTER.lua
825,10,1994881137,/script/minigame/MGcaLOCKER.lua
826,10,2022386722,/script/minigame/MGchCARD.lua
827,10,2039600733,/script/minigame/KeyBoard3.lua
828,10,2058643005,/script/minigame/NGabgameB.lua
829,10,2123933860,/script/minigame/MGdeCHECK.lua
830,10,2132732671,/script/minigame/MGdiSCAN.lua
831,11,45925655,/archive/gaEYES.dds
832,11,82865695,
833,11,91664004,/archive/diMEMO.dds
834,11,101757228,
835,11,127642257,/archive/stCALENDER3.dds
836,11,164083671,
837,11,183476738,/archive/gaHINTMAP.dds
838,11,205171511,/archive/bgTEXT.dds
839,11,305027074,/archive/deDOORDATA02.dds
840,11,370316708,/archive/fiBOOK1.dds
841,11,452449181,/archive/rePOSTER.dds
842,11,459108108,/archive/daSHIORI.dds
843,11,503116089,/archive/abPOSTER.dds
844,11,551278675,/archive/diDRUGDATA01.dds
845,11,587604447,/archive/chDATA01.dds
846,11,787348149,/archive/fiBOOK2.dds
847,11,883197768,/archive/trDISPLAYHINT.dds
848,11,931388027,/archive/reDARTSPOSTER.dds
849,11,968310116,
850,11,985327396,/archive/stMENUGUIDE01.dds
851,11,1092961856,/archive/deMEMO.dds
852,11,1111159308,
853,11,1204379590,/archive/fiBOOK3.dds
854,11,1402358837,/archive/stMENUGUIDE02.dds
855,11,1425609151,/archive/stiPHTESTGUIDE.dds
856,11,1441063039,/archive/stCALENDER1.dds
857,11,1486537154,/archive/chMAP.dds
858,11,1844351347,/archive/diBIGMONITORHINT.dds
859,11,1858094464,/archive/stCALENDER2.dds
860,11,1894535878,
861,11,2024253226,/archive/daREPORT.dds
862,11,2035479281,/archive/deDOORDATA01.dds
863,12,339880223,
864,13,9751765,/scenes/room/bangle_small_mdl.pack
865,13,51281186,/scenes/room/final_tex_1.pack
866,13,91978924,/scenes/room/joint_tex_1.pack
867,13,121464452,/scenes/room/recreation_tex_1.pack
868,13,179720627,/scenes/room/ab_room_mdl.pack
869,13,241485638,/scenes/room/labo_tex_1.pack
870,13,251874289,/scenes/room/cabin_mdl.pack
871,13,301248642,/scenes/room/labo_mdl.pack
872,13,306718333,/scenes/room/dice_tex_1.pack
873,13,310529203,/scenes/room/decompression_tex_1.pack
874,13,432583327,/scenes/room/gaulem_mdl.pack
875,13,450517898,/scenes/room/data_room_mdl.pack
876,13,476308928,/scenes/room/recreation_mdl.pack
877,13,495697674,/scenes/room/elevator_tex_1.pack
878,13,534804870,/scenes/room/biotope_mdl.pack
879,13,633822632,/scenes/room/treat_tex_1.pack
880,13,723841593,/scenes/room/dice_mdl.pack
881,13,757882739,/scenes/room/joint_three_tex_1.pack
882,13,776318835,/scenes/room/chief_mdl.pack
883,13,862588181,/scenes/room/breakwindow_tex_1.pack
884,13,876428328,/scenes/room/warehouse_b_mdl.pack
885,13,904132552,/scenes/room/passage_a_mdl.pack
886,13,912799359,/scenes/room/decompression_mdl.pack
887,13,949496785,/scenes/room/breakwindow_mdl.pack
888,13,1065127916,/scenes/room/warehouse_b_tex_1.pack
889,13,1073122743,/scenes/room/chief_tex_1.pack
890,13,1095358538,/scenes/room/biotope_tex_1.pack
891,13,1167440386,/scenes/room/epilogue_tex_1.pack
892,13,1173925230,/scenes/room/outward_tex_1.pack
893,13,1184271925,/scenes/room/cabin_tex_1.pack
894,13,1243972838,/scenes/room/dispensary_mdl.pack
895,13,1337024170,/scenes/room/dispensary_tex_1.pack
896,13,1365445075,/scenes/room/gaulem_tex_1.pack
897,13,1391671355,/scenes/room/warehouse_a_tex_1.pack
898,13,1525206894,/scenes/room/final_mdl.pack
899,13,1571573162,/scenes/room/outward_mdl.pack
900,13,1582490037,/scenes/room/storehouse_mdl.pack
901,13,1584875315,/scenes/room/lift_mdl.pack
902,13,1595450175,/scenes/room/joint_three_mdl.pack
903,13,1652467765,/scenes/room/control_mdl.pack
904,13,1686737934,/scenes/room/lounge_mdl.pack
905,13,1687425529,/scenes/room/storehouse_tex_1.pack
906,13,1749940716,/scenes/room/monitor_mdl.pack
907,13,1783430478,/scenes/room/epilogue_mdl.pack
908,13,1819026295,/scenes/room/lift_tex_1.pack
909,13,1831552706,/scenes/room/lounge_tex_1.pack
910,13,1903429772,/scenes/room/passage_a_tex_1.pack
911,13,1975286688,/scenes/room/monitor_tex_1.pack
912,13,1993549303,/scenes/room/warehouse_a_mdl.pack
913,13,2026916836,/scenes/room/treat_mdl.pack
914,13,2033916486,/scenes/room/elevator_mdl.pack
915,13,2050542158,/scenes/room/data_room_tex_1.pack
916,13,2053308919,/scenes/room/ab_room_tex_1.pack
917,13,2098213608,/scenes/room/joint_mdl.pack
918,13,2131856505,/scenes/room/control_tex_1.pack
919,14,95165113,/pic/face/waku.dds
920,14,248549346,/pic/face/sita.dds
921,14,1484625405,
922,15,192533632,
923,15,367386073,/pic/window/messege_window_huto.dds
924,15,447132994,
925,15,627273062,/pic/window/name_tag.dds
926,16,4371539,/script/language/language_en_us.lua
927,16,7049416,/script/language/s20_40_Lun_Dex_Mae_ja.lua
928,16,12867138,/script/language/s27_37_sig_gouryu2_en_us.lua
929,16,15951327,/script/language/s27_20_Sig_Skp_Ato_ja.lua
930,16,18797568,/script/language/storehouse_en_us.lua
931,16,21486284,/script/language/s38_10_phi_skp_mae_en_us.lua
932,16,49731274,/script/language/s12_50_Miz_Dex_Kyo_en_us.lua
933,16,53547711,/script/language/s10_32_kyoutsuu_en_us.lua
934,16,62393192,/script/language/archive_ja_ps4.lua
935,16,62870227,/script/language/system_en_us_steam_joypad.lua
936,16,75461638,/script/language/s23_40_Tmj_Dex_Mae_en_us.lua
937,16,76846965,/script/language/s11_55_KyouTsuu_en_us.lua
938,16,78273058,/script/language/s23_20_Tmj_Skp_Ato_en_us.lua
939,16,78913181,/script/language/s10_45_Mur_Dex_Ma2_en_us.lua
940,16,83537273,/script/language/s33_50_tmj_dex_kyo_ja.lua
941,16,91481947,/script/language/system_ja_ps4.lua
942,16,95616415,/script/language/chief_ja.lua
943,16,96577354,/script/language/s42_10_dio_end_001_ja.lua
944,16,108213757,/script/language/labo_en_us.lua
945,16,111062404,/script/language/s41_15_kkk_end_002_ja.lua
946,16,111267660,/script/language/s28_10_phi_skp_mae_ja.lua
947,16,129616825,/script/language/s28_60_phi_dex_ura_ja.lua
948,16,131473760,/script/language/s24_20_qua_skp_ato_ja.lua
949,16,132607035,/script/language/s28_10_phi_skp_mae_en_us.lua
950,16,134432763,/script/language/s21_50_Kkk_Dex_Kyo_en_us.lua
951,16,140912166,/script/language/s12_30_Miz_GouRyuu_ja.lua
952,16,141170944,/script/language/s77_77_Tai_Ken_Ban_steam_en_us.lua
953,16,156693162,/script/language/s43_10_tmj_end_001_ja.lua
954,16,162826483,/script/language/s38_50_phi_dex_kyo_en_us.lua
955,16,170913011,/script/language/s30_10_lun_skp_mae_ja.lua
956,16,171966771,/script/language/s25_10_Yot_Skp_Mae_en_us.lua
957,16,177447718,/script/language/s25_20_Yot_Skp_Ato_ja.lua
958,16,179236309,/script/language/s12_57_Miz_Dex_Ky2_ja.lua
959,16,181332070,/script/language/s47_10_sig_end_001_ja.lua
960,16,189262176,/script/language/s30_60_lun_dex_ura_ja.lua
961,16,192507515,/script/language/s26_60_Ali_Dex_Ura_en_us.lua
962,16,201172021,/script/language/s11_40_Kii_Dex_Mae_en_us.lua
963,16,203983441,/script/language/s11_20_Kii_Skp_Ato_en_us.lua
964,16,223295946,/script/language/s24_60_Qua_Dex_Ura_en_us.lua
965,16,260912091,/script/language/archive_ja_steam.lua
966,16,267110504,/script/language/s33_40_tmj_dex_mae_ja.lua
967,16,273947234,/script/language/s28_50_phi_dex_kyo_en_us.lua
968,16,276183460,/script/language/language_ja.lua
969,16,283581945,/script/language/system_en_us_steam_joypad_ps4.lua
970,16,296854519,/script/language/s44_10_qua_end_001_ja.lua
971,16,297944744,/script/language/s10_57_Mur_Dex_Ky3_ja.lua
972,16,298189670,/script/language/s10_56_KyouTsuu_ja.lua
973,16,298759974,/script/language/s30_35_lun_gouryu2_en_us.lua
974,16,313306986,/script/language/s25_50_Yot_Dex_Kyo_en_us.lua
975,16,313382244,/script/language/s38_45_phi_dex_ma2_en_us.lua
976,16,324171711,/script/language/s38_30_phi_gouryuu_ja.lua
977,16,342828477,/script/language/s45_10_yot_end_001_ja.lua
978,16,346049341,/script/language/s22_60_Dio_Dex_Ura_en_us.lua
979,16,365555210,/script/language/system_ja_steam_joypad_ps4.lua
980,16,367672791,/script/language/s21_20_Kkk_Skp_Ato_ja.lua
981,16,371991560,/script/language/monitor_ja.lua
982,16,373886734,/script/language/s27_30_Sig_Gouryuu_en_us.lua
983,16,374711558,/script/language/s11_55_KyouTsuu_ja.lua
984,16,375427844,/script/language/s30_30_lun_gouryuu_en_us.lua
985,16,376507037,/script/language/s41_10_kkk_end_001_en_us.lua
986,16,381721493,/script/language/s10_56_KyouTsuu_en_us.lua
987,16,389653418,/script/language/gaulem_en_us.lua
988,16,390904281,/script/language/s26_35_Kyoutsuu_en_us.lua
989,16,391040473,/script/language/s11_25_Kii_Skp_At2_en_us.lua
990,16,394847592,/script/language/s22_50_Dio_Dex_Kyo_ja.lua
991,16,408524635,/script/language/s28_55_phi_dex_ky2_ja.lua
992,16,423273627,/script/language/gaulem_ja.lua
993,16,425409779,/script/language/s41_15_kkk_end_002_en_us.lua
994,16,454963400,/script/language/s23_50_Tmj_Dex_Kyo_ja.lua
995,16,461004266,/script/language/s28_55_phi_dex_ky2_en_us.lua
996,16,466115652,/script/language/s00_10_PLG_Skp_Mae_ja.lua
997,16,475087515,/script/language/decompression_ja.lua
998,16,475483889,/script/language/s10_42_KyouTsuu_ja.lua
999,16,479602308,/script/language/s27_50_sig_dex_kyo_ja.lua
1000,16,486548595,/script/language/s20_30_Lun_Gouryuu_en_us.lua
1001,16,501795377,/script/language/s11_57_Kii_Dex_Ky2_ja.lua
1002,16,511276932,/script/language/system_en_us.lua
1003,16,516021508,/script/language/s48_10_phi_end_001_en_us.lua
1004,16,521551686,/script/language/s12_20_Miz_Skp_Ato_ja.lua
1005,16,533053550,/script/language/s41_10_kkk_end_001_ja.lua
1006,16,537080337,/script/language/s28_58_kyoutsuu_ja.lua
1007,16,542339138,/script/language/s20_10_Lun_Skp_Mae_ja.lua
1008,16,542498425,/script/language/final_en_us.lua
1009,16,546045762,/script/language/s27_40_sig_dex_mae_en_us.lua
1010,16,547586888,/script/language/s30_40_lun_dex_mae_en_us.lua
1011,16,548857198,/script/language/s27_20_Sig_Skp_Ato_en_us.lua
1012,16,550398308,/script/language/s30_20_lun_skp_ato_en_us.lua
1013,16,555381260,/script/language/s45_10_yot_end_001_en_us.lua
1014,16,560688319,/script/language/s20_60_Lun_Dex_Ura_ja.lua
1015,16,564742481,/script/language/s26_30_Ali_Gouryuu_ja.lua
1016,16,564924266,/script/language/s48_15_phi_end_002_en_us.lua
1017,16,572179310,/script/language/s28_57_phi_dex_ky3_ja.lua
1018,16,578420823,/script/language/s22_40_Dio_Dex_Mae_ja.lua
1019,16,585383560,/script/language/s77_77_Tai_Ken_Ban_ja.lua
1020,16,594335511,/script/language/s30_35_lun_gouryu2_ja.lua
1021,16,595124757,/script/language/s24_50_Qua_Dex_Kyo_ja.lua
1022,16,596863921,/script/language/storehouse_ja.lua
1023,16,600915182,/script/language/s33_60_tmj_dex_ura_en_us.lua
1024,16,606463662,/script/language/s26_10_Ali_Skp_Mae_en_us.lua
1025,16,630473316,/script/language/s27_38_sig_gouryu3_en_us.lua
1026,16,637252093,/script/language/s24_10_Qua_Skp_Mae_en_us.lua
1027,16,637792010,/script/language/s12_67_Miz_Dex_Ur3_ja.lua
1028,16,638536631,/script/language/s23_40_Tmj_Dex_Mae_ja.lua
1029,16,639981828,/script/language/s11_67_Kii_Dex_Ur2_en_us.lua
1030,16,641098715,/script/language/s25_50_Yot_Dex_Kyo_ja.lua
1031,16,641836682,/script/language/lounge_ja.lua
1032,16,658707639,/script/language/s20_40_Lun_Dex_Mae_en_us.lua
1033,16,661519059,/script/language/s20_20_Lun_Skp_Ato_en_us.lua
1034,16,663175539,/script/language/s27_40_sig_dex_mae_ja.lua
1035,16,682085171,/script/language/s00_10_PLG_Skp_Mae_en_us.lua
1036,16,695597838,/script/language/s28_30_phi_gouryuu_ja.lua
1037,16,696381617,/script/language/s28_37_phi_gouryu2_en_us.lua
1038,16,704811231,/script/language/s38_20_phi_skp_ato_ja.lua
1039,16,712035933,/script/language/s23_60_Tmj_Dex_Ura_en_us.lua
1040,16,722927797,/script/language/s12_56_KyouTsu2_ja.lua
1041,16,729232149,/script/language/s26_37_Ali_Gouryu2_ja.lua
1042,16,735833969,/script/language/s28_59_phi_dex_ky4_ja.lua
1043,16,747803861,/script/language/s26_50_Ali_Dex_Kyo_en_us.lua
1044,16,750728661,/script/language/s38_45_phi_dex_ma2_ja.lua
1045,16,755243189,/script/language/s30_30_lun_gouryuu_ja.lua
1046,16,756517367,/script/language/s12_35_Miz_GouRyu2_en_us.lua
1047,16,760005472,/script/language/s22_10_dio_skp_mae_en_us.lua
1048,16,765641685,/script/language/data_room_en_us.lua
1049,16,770200977,/script/language/dispensary_en_us.lua
1050,16,778592292,/script/language/s24_50_Qua_Dex_Kyo_en_us.lua
1051,16,778697988,/script/language/s24_40_qua_dex_mae_ja.lua
1052,16,802002792,/script/language/s10_20_Mur_Skp_Ato_ja.lua
1053,16,802400226,/script/language/s33_10_tmj_skp_mae_ja.lua
1054,16,819626971,/script/language/s48_15_phi_end_002_ja.lua
1055,16,820749407,/script/language/s33_60_tmj_dex_ura_ja.lua
1056,16,824671946,/script/language/s25_40_Yot_Dex_Mae_ja.lua
1057,16,831323788,/script/language/s21_50_Kkk_Dex_Kyo_ja.lua
1058,16,833185237,/script/language/s12_30_Miz_GouRyuu_en_us.lua
1059,16,837746316,/script/language/s11_60_Kii_Dex_Ura_en_us.lua
1060,16,839596113,/script/language/s20_55_Lun_Dex_Ky2_ja.lua
1061,16,844110754,/script/language/s11_20_Kii_Skp_Ato_ja.lua
1062,16,847920238,/script/language/s10_45_Mur_Dex_Ma2_ja.lua
1063,16,860087490,/script/language/s28_37_phi_gouryu2_ja.lua
1064,16,873757043,/script/language/s11_56_KyouTsu2_en_us.lua
1065,16,874499285,/script/language/s27_38_sig_gouryu3_ja.lua
1066,16,883970427,/script/language/s10_40_Mur_Dex_Mae_en_us.lua
1067,16,886781847,/script/language/s10_20_Mur_Skp_Ato_en_us.lua
1068,16,890028200,/script/language/s11_45_Kii_Dex_Ma2_ja.lua
1069,16,901345687,/script/language/s22_50_Dio_Dex_Kyo_en_us.lua
1070,16,917886726,/script/language/s21_30_Kkk_Gouryuu_en_us.lua
1071,16,922111584,/script/language/ab_room2_en_us.lua
1072,16,945382001,/script/language/s26_20_Ali_Skp_Ato_ja.lua
1073,16,946280462,/script/language/s38_30_phi_gouryuu_en_us.lua
1074,16,965979072,/script/language/s10_42_KyouTsuu_en_us.lua
1075,16,983281646,/script/language/s48_17_phi_end_003_ja.lua
1076,16,985202683,/script/language/s12_50_Miz_Dex_Kyo_ja.lua
1077,16,989878135,/script/language/s46_10_ali_end_001_en_us.lua
1078,16,997485248,/script/language/s10_32_KyouTsuu_ja.lua
1079,16,1005344281,/script/language/s12_40_Miz_Dex_Mae_en_us.lua
1080,16,1008155701,/script/language/s12_20_Miz_Skp_Ato_en_us.lua
1081,16,1008412934,/script/language/s12_55_KyouTsuu_en_us.lua
1082,16,1014871313,/script/language/s33_10_tmj_skp_mae_en_us.lua
1083,16,1014897019,/script/language/s21_40_Kkk_Dex_Mae_ja.lua
1084,16,1020666566,/script/language/s44_10_qua_end_001_en_us.lua
1085,16,1033751377,/script/language/biotope_en_us.lua
1086,16,1035325794,/script/language/dispensary_ja.lua
1087,16,1050445830,/script/language/s00_30_PLG_Gouryuu_ja.lua
1088,16,1052615296,/script/language/treat_ja.lua
1089,16,1057401213,/script/language/s28_30_phi_gouryuu_en_us.lua
1090,16,1064390058,/script/language/decompression_en_us.lua
1091,16,1073838879,/script/language/s10_25_Mur_Skp_At2_en_us.lua
1092,16,1076237358,/script/language/s28_20_phi_skp_ato_ja.lua
1093,16,1079985787,/script/language/s10_67_Mur_Dex_Ur2_ja.lua
1094,16,1087494570,/script/language/system_en_us_ps4.lua
1095,16,1090045770,/script/language/s21_40_Kkk_Dex_Mae_en_us.lua
1096,16,1092857190,/script/language/s21_20_Kkk_Skp_Ato_en_us.lua
1097,16,1096760949,/script/language/s25_30_Yot_Gouryuu_en_us.lua
1098,16,1103173088,/script/language/archive_en_us_steam_joypad.lua
1099,16,1110762760,/script/language/s46_10_ali_end_001_ja.lua
1100,16,1113710545,/script/language/s22_10_Dio_Skp_Mae_ja.lua
1101,16,1118439490,/script/language/s38_40_phi_dex_mae_en_us.lua
1102,16,1121250926,/script/language/s38_20_phi_skp_ato_en_us.lua
1103,16,1122093749,/script/language/s11_67_Kii_Dex_Ur2_ja.lua
1104,16,1125992064,/script/language/s23_10_Tmj_Skp_Mae_en_us.lua
1105,16,1126669316,/script/language/s20_30_Lun_Gouryuu_ja.lua
1106,16,1130194297,/script/language/s12_67_Miz_Dex_Ur3_en_us.lua
1107,16,1132059726,/script/language/s22_60_Dio_Dex_Ura_ja.lua
1108,16,1135882709,/script/language/s30_20_lun_skp_ato_ja.lua
1109,16,1137961019,/script/language/recreation_en_us.lua
1110,16,1142060891,/script/language/s90_90_tsu_ika_900_ja.lua
1111,16,1143419961,/script/language/s42_10_dio_end_001_en_us.lua
1112,16,1156211528,/script/language/s33_50_tmj_dex_kyo_en_us.lua
1113,16,1168462212,/script/language/s38_50_phi_dex_kyo_ja.lua
1114,16,1168775914,/script/language/s12_40_Miz_Dex_Mae_ja.lua
1115,16,1170238244,/script/language/s26_37_Ali_Gouryu2_en_us.lua
1116,16,1173826353,/script/language/s23_10_Tmj_Skp_Mae_ja.lua
1117,16,1182620057,/script/language/s27_60_sig_dex_ura_en_us.lua
1118,16,1184161183,/script/language/s30_60_lun_dex_ura_en_us.lua
1119,16,1192175534,/script/language/s23_60_Tmj_Dex_Ura_ja.lua
1120,16,1195212733,/script/language/s12_25_miz_skp_at2_en_us.lua
1121,16,1198465277,/script/language/s27_10_Sig_Skp_Mae_ja.lua
1122,16,1216814442,/script/language/s27_60_sig_dex_ura_ja.lua
1123,16,1222411950,/script/language/chief_en_us.lua
1124,16,1229560241,/script/language/s28_40_phi_dex_mae_en_us.lua
1125,16,1232371677,/script/language/s28_20_phi_skp_ato_en_us.lua
1126,16,1236778830,/script/language/system_ja_steam.lua
1127,16,1239653420,/script/language/cabin_en_us.lua
1128,16,1241618101,/script/language/s48_10_phi_end_001_ja.lua
1129,16,1250698449,/script/language/s40_15_lun_end_002_ja.lua
1130,16,1251702463,/script/language/s11_10_Kii_Skp_Mae_en_us.lua
1131,16,1265133105,/script/language/archive_en_us.lua
1132,16,1265653789,/script/language/s10_50_Mur_Dex_Kyo_ja.lua
1133,16,1267332279,/script/language/s23_50_Tmj_Dex_Kyo_en_us.lua
1134,16,1268919993,/script/language/s25_40_Yot_Dex_Mae_en_us.lua
1135,16,1271731413,/script/language/s25_20_Yot_Skp_Ato_en_us.lua
1136,16,1288599982,/script/language/s10_22_KyouTsuu_en_us.lua
1137,16,1295281934,/script/language/s20_60_Lun_Dex_Ura_en_us.lua
1138,16,1295747968,/script/language/s11_57_Kii_Dex_Ky2_en_us.lua
1139,16,1302756471,/script/language/monitor_en_us.lua
1140,16,1305566530,/script/language/archive_ja.lua
1141,16,1307761751,/script/language/s11_50_Kii_Dex_Kyo_ja.lua
1142,16,1313987726,/script/language/s24_10_Qua_Skp_Mae_ja.lua
1143,16,1322780234,/script/language/s10_67_Mur_Dex_Ur2_en_us.lua
1144,16,1332336891,/script/language/s24_60_Qua_Dex_Ura_ja.lua
1145,16,1345769504,/script/language/s28_58_kyoutsuu_en_us.lua
1146,16,1352035443,/script/language/s38_40_phi_dex_mae_ja.lua
1147,16,1353760567,/script/language/archive_ja_steam_joypad_ps4.lua
1148,16,1359961668,/script/language/s25_10_Yot_Skp_Mae_ja.lua
1149,16,1375491613,/script/language/cabin_ja.lua
1150,16,1378310833,/script/language/s25_60_Yot_Dex_Ura_ja.lua
1151,16,1379356213,/script/language/system_ja.lua
1152,16,1386730404,/script/language/s33_30_tmj_gouryuu_ja.lua
1153,16,1393042662,/script/language/s11_50_Kii_Dex_Kyo_en_us.lua
1154,16,1409032998,/script/language/s26_50_Ali_Dex_Kyo_ja.lua
1155,16,1411864896,/script/language/s28_59_phi_dex_ky4_en_us.lua
1156,16,1418702688,/script/language/control_en_us.lua
1157,16,1431085350,/script/language/s00_20_PLG_Skp_Ato_ja.lua
1158,16,1449227020,/script/language/s10_40_Mur_Dex_Mae_ja.lua
1159,16,1475149817,/script/language/lounge_en_us.lua
1160,16,1475813414,/script/language/data_room_ja.lua
1161,16,1491334982,/script/language/s11_40_Kii_Dex_Mae_ja.lua
1162,16,1504561183,/script/language/s27_39_kyoutsuu_ja.lua
1163,16,1507308836,/script/language/s20_20_Lun_Skp_Ato_ja.lua
1164,16,1509406553,/script/language/s43_10_tmj_end_001_en_us.lua
1165,16,1519486623,/script/language/s10_22_KyouTsuu_ja.lua
1166,16,1520544706,/script/language/s10_60_Mur_Dex_Ura_en_us.lua
1167,16,1531257824,/script/language/s26_30_Ali_Gouryuu_en_us.lua
1168,16,1537671630,/script/language/s12_25_Miz_Skp_At2_ja.lua
1169,16,1539888339,/script/language/s28_50_phi_dex_kyo_ja.lua
1170,16,1543598423,/script/language/s11_45_Kii_Dex_Ma2_en_us.lua
1171,16,1550186741,/script/language/s21_10_Kkk_Skp_Mae_ja.lua
1172,16,1562046271,/script/language/s24_30_Qua_Gouryuu_en_us.lua
1173,16,1568535906,/script/language/s21_60_Kkk_Dex_Ura_ja.lua
1174,16,1592606229,/script/language/s26_40_Ali_Dex_Mae_ja.lua
1175,16,1596576204,/script/language/s27_10_Sig_Skp_Mae_en_us.lua
1176,16,1598117314,/script/language/s30_10_lun_skp_mae_en_us.lua
1177,16,1599533706,/script/language/s30_50_lun_dex_kyo_ja.lua
1178,16,1606879349,/script/language/s00_30_plg_gouryuu_en_us.lua
1179,16,1611152055,/script/language/s12_55_KyouTsuu_ja.lua
1180,16,1633970948,/script/language/s11_56_KyouTsu2_ja.lua
1181,16,1641918560,/script/language/s12_60_Miz_Dex_Ura_en_us.lua
1182,16,1664586583,/script/language/s10_57_Mur_Dex_Ky3_en_us.lua
1183,16,1672689595,/script/language/s40_10_lun_end_001_ja.lua
1184,16,1684799650,/script/language/s22_30_Dio_Gouryuu_en_us.lua
1185,16,1698040723,/script/language/s22_30_Dio_Gouryuu_ja.lua
1186,16,1703416868,/script/language/s26_40_Ali_Dex_Mae_en_us.lua
1187,16,1704065636,/script/language/s12_10_Miz_Skp_Mae_ja.lua
1188,16,1706228288,/script/language/s26_20_Ali_Skp_Ato_en_us.lua
1189,16,1709238065,/script/language/s20_10_Lun_Skp_Mae_en_us.lua
1190,16,1712785399,/script/language/s77_77_Tai_Ken_Ban_en_us.lua
1191,16,1722414801,/script/language/s12_60_Miz_Dex_Ura_ja.lua
1192,16,1723461570,/script/language/s28_40_phi_dex_mae_ja.lua
1193,16,1726620049,/script/language/s21_60_Kkk_Dex_Ura_en_us.lua
1194,16,1730982097,/script/language/ab_room2_ja.lua
1195,16,1734205299,/script/language/s24_40_qua_dex_mae_en_us.lua
1196,16,1737016735,/script/language/s24_20_qua_skp_ato_en_us.lua
1197,16,1737916403,/script/language/s27_50_sig_dex_kyo_en_us.lua
1198,16,1739457529,/script/language/s30_50_lun_dex_kyo_en_us.lua
1199,16,1748150414,/script/language/labo_ja.lua
1200,16,1758156531,/script/language/s23_30_tmj_gouryuu_ja.lua
1201,16,1762356206,/script/language/ab_room_en_us.lua
1202,16,1767369924,/script/language/s33_20_tmj_skp_ato_ja.lua
1203,16,1781849813,/script/language/s00_20_plg_skp_ato_en_us.lua
1204,16,1782795455,/script/language/s27_30_Sig_Gouryuu_ja.lua
1205,16,1783106937,/script/language/s30_40_lun_dex_mae_ja.lua
1206,16,1804559313,/script/language/control_ja.lua
1207,16,1805323012,/script/language/s12_56_KyouTsu2_en_us.lua
1208,16,1817971377,/script/language/s77_77_Tai_Ken_Ban_steam_ja.lua
1209,16,1818122720,/script/language/s10_25_Mur_Skp_At2_ja.lua
1210,16,1837197834,/script/language/final_ja.lua
1211,16,1841992703,/script/language/treat_en_us.lua
1212,16,1843205962,/script/language/archive_en_us_steam.lua
1213,16,1850578280,/script/language/s20_50_Lun_Dex_Kyo_en_us.lua
1214,16,1856958694,/script/language/s22_40_Dio_Dex_Mae_en_us.lua
1215,16,1859770114,/script/language/s22_20_Dio_Skp_Ato_en_us.lua
1216,16,1860230698,/script/language/s11_25_Kii_Skp_At2_ja.lua
1217,16,1866134536,/script/language/s28_60_phi_dex_ura_en_us.lua
1218,16,1875508714,/script/language/s90_90_tsu_ika_900_en_us.lua
1219,16,1878210054,/script/language/archive_en_us_steam_joypad_ps4.lua
1220,16,1878410449,/script/language/s10_52_KyouTsuu_en_us.lua
1221,16,1887325181,/script/language/s38_10_phi_skp_mae_ja.lua
1222,16,1898317888,/script/language/s24_30_Qua_Gouryuu_ja.lua
1223,16,1905494272,/script/language/s25_60_Yot_Dex_Ura_en_us.lua
1224,16,1906824588,/script/language/s47_15_sig_end_002_ja.lua
1225,16,1934500853,/script/language/s10_10_Mur_Skp_Mae_en_us.lua
1226,16,1939665491,/script/language/s33_30_tmj_gouryuu_en_us.lua
1227,16,1944291846,/script/language/s25_30_Yot_Gouryuu_ja.lua
1228,16,1945398946,/script/language/biotope_ja.lua
1229,16,1947285107,/script/language/s27_37_sig_gouryu2_ja.lua
1230,16,1970959833,/script/language/s20_50_Lun_Dex_Kyo_ja.lua
1231,16,1973264942,/script/language/s27_39_kyoutsuu_en_us.lua
1232,16,1979990677,/script/language/s47_10_sig_end_001_en_us.lua
1233,16,1984516742,/script/language/s10_10_Mur_Skp_Mae_ja.lua
1234,16,1987064861,/script/language/system_en_us_steam.lua
1235,16,2002865907,/script/language/s10_60_Mur_Dex_Ura_ja.lua
1236,16,2010176413,/script/language/s28_57_phi_dex_ky3_en_us.lua
1237,16,2026624704,/script/language/s11_10_Kii_Skp_Mae_ja.lua
1238,16,2028893435,/script/language/s47_15_sig_end_002_en_us.lua
1239,16,2030346591,/script/language/ab_room_ja.lua
1240,16,2037635296,/script/language/s20_55_Lun_Dex_Ky2_en_us.lua
1241,16,2044973885,/script/language/s11_60_Kii_Dex_Ura_ja.lua
1242,16,2049330660,/script/language/system_ja_steam_joypad.lua
1243,16,2049770316,/script/language/recreation_ja.lua
1244,16,2050786242,/script/language/s23_30_tmj_gouryuu_en_us.lua
1245,16,2055874707,/script/language/s12_10_Miz_Skp_Mae_en_us.lua
1246,16,2070897194,/script/language/s26_35_Kyoutsuu_ja.lua
1247,16,2075841068,/script/language/s10_50_Mur_Dex_Kyo_en_us.lua
1248,16,2078680243,/script/language/s22_20_Dio_Skp_Ato_ja.lua
1249,16,2092652554,/script/language/s40_10_lun_end_001_en_us.lua
1250,16,2097971031,/script/language/archive_en_us_ps4.lua
1251,16,2099920228,/script/language/s12_57_Miz_Dex_Ky2_en_us.lua
1252,16,2100966178,/script/language/s10_52_KyouTsuu_ja.lua
1253,16,2111824535,/script/language/s33_40_tmj_dex_mae_en_us.lua
1254,16,2114096413,/script/language/s48_17_phi_end_003_en_us.lua
1255,16,2114635955,/script/language/s33_20_tmj_skp_ato_en_us.lua
1256,16,2123255825,/script/language/archive_ja_steam_joypad.lua
1257,16,2127488136,/script/language/s12_35_Miz_GouRyu2_ja.lua
1258,16,2127895967,/script/language/s26_10_Ali_Skp_Mae_ja.lua
1259,16,2134516919,/script/language/s21_30_Kkk_Gouryuu_ja.lua
1260,16,2138796051,/script/language/s23_20_Tmj_Skp_Ato_ja.lua
1261,16,2140576196,/script/language/s21_10_Kkk_Skp_Mae_en_us.lua
1262,16,2141555296,/script/language/s40_15_lun_end_002_en_us.lua
1263,16,2146245132,/script/language/s26_60_Ali_Dex_Ura_ja.lua
1264,17,3453247,/sound/voice/s10_42_ja.packs
1265,17,4954715,/sound/voice/s20_10_ja.packs
1266,17,9412386,/sound/voice/s24_50_en_us.packs
1267,17,14904601,/sound/voice/s47_15_ja.packs
1268,17,35959566,/sound/voice/s22_20_ja.packs
1269,17,43717269,/sound/voice/s38_20_ja.packs
1270,17,54883871,/sound/voice/s23_30_en_us.packs
1271,17,60784172,/sound/voice/s12_20_en_us.packs
1272,17,66964401,/sound/voice/s24_30_ja.packs
1273,17,72950148,/sound/voice/s33_60_ja.packs
1274,17,90211549,/sound/voice/s10_40_ja.packs
1275,17,94455039,/sound/voice/s33_20_en_us.packs
1276,17,97969252,/sound/voice/s26_40_ja.packs
1277,17,98165949,/sound/voice/s40_10_ja.packs
1278,17,100355340,/sound/voice/s22_10_en_us.packs
1279,17,100628620,/sound/voice/s48_17_ja.packs
1280,17,121216384,/sound/voice/s12_50_ja.packs
1281,17,127953491,/sound/voice/s11_55_en_us.packs
1282,17,128974103,/sound/voice/s28_50_ja.packs
1283,17,134026207,/sound/voice/s43_10_en_us.packs
1284,17,148095089,/sound/voice/s23_50_en_us.packs
1285,17,153995406,/sound/voice/s12_40_en_us.packs
1286,17,161753109,/sound/voice/s12_56_en_us.packs
1287,17,177437036,/sound/voice/s21_10_ja.packs
1288,17,183422783,/sound/voice/s30_40_ja.packs
1289,17,187386922,/sound/voice/s48_15_ja.packs
1290,17,187666257,/sound/voice/s33_40_en_us.packs
1291,17,193566574,/sound/voice/s22_30_en_us.packs
1292,17,199466875,/sound/voice/s11_20_en_us.packs
1293,17,205367176,/sound/voice/s00_10_en_us.packs
1294,17,208441887,/sound/voice/s23_20_ja.packs
1295,17,232379718,/sound/voice/s10_67_ja.packs
1296,17,237378156,/sound/voice/s27_38_ja.packs
1297,17,239038043,/sound/voice/s21_10_en_us.packs
1298,17,239446722,/sound/voice/s25_30_ja.packs
1299,17,247206624,/sound/voice/s12_60_en_us.packs
1300,17,251093843,/sound/voice/s77_77_en_us.packs
1301,17,262693870,/sound/voice/s11_40_ja.packs
1302,17,270451573,/sound/voice/s27_40_ja.packs
1303,17,270648270,/sound/voice/s41_10_ja.packs
1304,17,272643756,/sound/voice/s38_45_ja.packs
1305,17,272708910,/sound/voice/s42_10_en_us.packs
1306,17,280061337,/sound/voice/s90_90_en_us.packs
1307,17,280877491,/sound/voice/s33_60_en_us.packs
1308,17,286777792,/sound/voice/s22_50_en_us.packs
1309,17,292678109,/sound/voice/s11_40_en_us.packs
1310,17,298578410,/sound/voice/s00_30_en_us.packs
1311,17,300435812,/sound/voice/s11_56_en_us.packs
1312,17,303024281,/sound/voice/s48_15_en_us.packs
1313,17,317093179,/sound/voice/s28_55_en_us.packs
1314,17,317413038,/sound/voice/s10_32_ja.packs
1315,17,332249277,/sound/voice/s21_30_en_us.packs
1316,17,334235430,/sound/voice/s12_57_en_us.packs
1317,17,338149578,/sound/voice/s10_20_en_us.packs
1318,17,345778530,/sound/voice/s30_35_en_us.packs
1319,17,349919357,/sound/voice/s22_10_ja.packs
1320,17,356664347,/sound/voice/s38_45_en_us.packs
1321,17,357677060,/sound/voice/s38_10_ja.packs
1322,17,377720746,/sound/voice/s20_10_en_us.packs
1323,17,380924192,/sound/voice/s24_20_ja.packs
1324,17,385889343,/sound/voice/s11_60_en_us.packs
1325,17,386909939,/sound/voice/s33_50_ja.packs
1326,17,388606547,/sound/voice/s28_20_en_us.packs
1327,17,404862039,/sound/voice/s11_67_ja.packs
1328,17,411391613,/sound/voice/s41_10_en_us.packs
1329,17,411929043,/sound/voice/s26_30_ja.packs
1330,17,425460511,/sound/voice/s21_50_en_us.packs
1331,17,428177715,/sound/voice/s38_10_en_us.packs
1332,17,431360812,/sound/voice/s10_40_en_us.packs
1333,17,435176191,/sound/voice/s12_40_ja.packs
1334,17,439118515,/sound/voice/s10_56_en_us.packs
1335,17,441706984,/sound/voice/s47_15_en_us.packs
1336,17,442933894,/sound/voice/s28_40_ja.packs
1337,17,443130591,/sound/voice/s42_10_ja.packs
1338,17,470931980,/sound/voice/s20_30_en_us.packs
1339,17,472918133,/sound/voice/s11_57_en_us.packs
1340,17,481817781,/sound/voice/s28_40_en_us.packs
1341,17,497382574,/sound/voice/s30_30_ja.packs
1342,17,501247351,/sound/voice/s26_35_en_us.packs
1343,17,510503148,/sound/voice/s30_20_en_us.packs
1344,17,521388949,/sound/voice/s38_30_en_us.packs
1345,17,522401678,/sound/voice/s23_10_ja.packs
1346,17,524572046,/sound/voice/s10_60_en_us.packs
1347,17,527289250,/sound/voice/s27_20_en_us.packs
1348,17,546339509,/sound/voice/s10_57_ja.packs
1349,17,550074316,/sound/voice/s40_10_en_us.packs
1350,17,553406513,/sound/voice/s25_20_ja.packs
1351,17,564143214,/sound/voice/s20_50_en_us.packs
1352,17,568846587,/sound/voice/s28_37_en_us.packs
1353,17,575029015,/sound/voice/s28_60_en_us.packs
1354,17,577344360,/sound/voice/s12_67_ja.packs
1355,17,582639392,/sound/voice/s20_60_ja.packs
1356,17,584411364,/sound/voice/s27_30_ja.packs
1357,17,603714382,/sound/voice/s30_40_en_us.packs
1358,17,611600836,/sound/voice/s10_57_en_us.packs
1359,17,614600183,/sound/voice/s38_50_en_us.packs
1360,17,615612896,/sound/voice/s43_10_ja.packs
1361,17,620500484,/sound/voice/s27_40_en_us.packs
1362,17,631372829,/sound/voice/s10_22_ja.packs
1363,17,647988923,/sound/voice/s48_17_en_us.packs
1364,17,662057821,/sound/voice/s28_57_en_us.packs
1365,17,665971953,/sound/voice/s26_20_en_us.packs
1366,17,683114220,/sound/voice/s10_22_en_us.packs
1367,17,694883999,/sound/voice/s24_10_ja.packs
1368,17,696925600,/sound/voice/s30_60_en_us.packs
1369,17,700869730,/sound/voice/s33_40_ja.packs
1370,17,707529290,/sound/voice/s27_37_en_us.packs
1371,17,713711718,/sound/voice/s27_60_en_us.packs
1372,17,718131131,/sound/voice/s10_20_ja.packs
1373,17,718821830,/sound/voice/s11_57_ja.packs
1374,17,725888834,/sound/voice/s26_20_ja.packs
1375,17,749135982,/sound/voice/s12_30_ja.packs
1376,17,755121713,/sound/voice/s21_60_ja.packs
1377,17,756893685,/sound/voice/s28_30_ja.packs
1378,17,759183187,/sound/voice/s26_40_en_us.packs
1379,17,776325454,/sound/voice/s10_42_en_us.packs
1380,17,788095217,/sound/voice/s44_10_ja.packs
1381,17,804654656,/sound/voice/s25_20_en_us.packs
1382,17,805580132,/sound/voice/s11_55_ja.packs
1383,17,811342365,/sound/voice/s30_20_ja.packs
1384,17,812303552,/sound/voice/s28_59_ja.packs
1385,17,834540142,/sound/voice/s28_58_en_us.packs
1386,17,846211993,/sound/voice/s26_37_en_us.packs
1387,17,852394421,/sound/voice/s26_60_en_us.packs
1388,17,867366304,/sound/voice/s25_10_ja.packs
1389,17,880011611,/sound/voice/s27_38_en_us.packs
1390,17,890613452,/sound/voice/s11_20_ja.packs
1391,17,891304151,/sound/voice/s12_57_ja.packs
1392,17,896599199,/sound/voice/s20_50_ja.packs
1393,17,897865890,/sound/voice/s25_40_en_us.packs
1394,17,898371155,/sound/voice/s27_20_ja.packs
1395,17,899061870,/sound/voice/s28_57_ja.packs
1396,17,923195761,/sound/voice/s12_25_en_us.packs
1397,17,927604034,/sound/voice/s22_60_ja.packs
1398,17,943337375,/sound/voice/s24_20_en_us.packs
1399,17,947057602,/sound/voice/s10_45_ja.packs
1400,17,955012002,/sound/voice/s40_15_ja.packs
1401,17,960577538,/sound/voice/s45_10_ja.packs
1402,17,978062453,/sound/voice/s12_55_ja.packs
1403,17,985820172,/sound/voice/s28_55_ja.packs
1404,17,991077124,/sound/voice/s25_60_en_us.packs
1405,17,1007022463,/sound/voice/s28_59_en_us.packs
1406,17,1014829521,/sound/voice/s33_30_ja.packs
1407,17,1032090922,/sound/voice/s10_10_ja.packs
1408,17,1036548593,/sound/voice/s24_40_en_us.packs
1409,17,1039848625,/sound/voice/s26_10_ja.packs
1410,17,1052493932,/sound/voice/s27_39_en_us.packs
1411,17,1061878464,/sound/voice/s11_25_en_us.packs
1412,17,1063095773,/sound/voice/s12_20_ja.packs
1413,17,1069081504,/sound/voice/s21_50_ja.packs
1414,17,1070853476,/sound/voice/s28_20_ja.packs
1415,17,1082020078,/sound/voice/s23_20_en_us.packs
1416,17,1087920379,/sound/voice/s12_10_en_us.packs
1417,17,1100086355,/sound/voice/s23_60_ja.packs
1418,17,1119539923,/sound/voice/s11_45_ja.packs
1419,17,1121591246,/sound/voice/s33_10_en_us.packs
1420,17,1125302156,/sound/voice/s30_10_ja.packs
1421,17,1127494323,/sound/voice/s41_15_ja.packs
1422,17,1128927852,/sound/voice/s99_99_ja.packs
1423,17,1129759827,/sound/voice/s24_60_en_us.packs
1424,17,1133059859,/sound/voice/s46_10_ja.packs
1425,17,1155089698,/sound/voice/s11_45_en_us.packs
1426,17,1175231296,/sound/voice/s23_40_en_us.packs
1427,17,1181131613,/sound/voice/s12_30_en_us.packs
1428,17,1182016810,/sound/voice/s26_37_ja.packs
1429,17,1200561183,/sound/voice/s10_25_en_us.packs
1430,17,1204573243,/sound/voice/s11_10_ja.packs
1431,17,1210558990,/sound/voice/s20_40_ja.packs
1432,17,1212330946,/sound/voice/s27_10_ja.packs
1433,17,1214802464,/sound/voice/s33_30_en_us.packs
1434,17,1220702781,/sound/voice/s22_20_en_us.packs
1435,17,1226603082,/sound/voice/s11_10_en_us.packs
1436,17,1241563825,/sound/voice/s22_50_ja.packs
1437,17,1249321544,/sound/voice/s38_50_ja.packs
1438,17,1267740829,/sound/voice/s27_39_ja.packs
1439,17,1268442530,/sound/voice/s23_60_en_us.packs
1440,17,1268775112,/sound/voice/s26_35_ja.packs
1441,17,1272568676,/sound/voice/s24_60_ja.packs
1442,17,1273803202,/sound/voice/s41_15_en_us.packs
1443,17,1274342847,/sound/voice/s12_50_en_us.packs
1444,17,1293772401,/sound/voice/s10_45_en_us.packs
1445,17,1305542180,/sound/voice/s47_10_ja.packs
1446,17,1308013698,/sound/voice/s33_50_en_us.packs
1447,17,1313914015,/sound/voice/s22_40_en_us.packs
1448,17,1325714617,/sound/voice/s00_20_en_us.packs
1449,17,1328789312,/sound/voice/s33_20_ja.packs
1450,17,1354228627,/sound/voice/s30_35_ja.packs
1451,17,1354499131,/sound/voice/s27_37_ja.packs
1452,17,1359385484,/sound/voice/s21_20_en_us.packs
1453,17,1365285785,/sound/voice/s10_10_en_us.packs
1454,17,1377055564,/sound/voice/s12_10_ja.packs
1455,17,1383041311,/sound/voice/s21_40_ja.packs
1456,17,1384813267,/sound/voice/s28_10_ja.packs
1457,17,1405429860,/sound/voice/s77_77_ja.packs
1458,17,1407125233,/sound/voice/s22_60_en_us.packs
1459,17,1412485905,/sound/voice/s40_15_en_us.packs
1460,17,1413025550,/sound/voice/s11_50_en_us.packs
1461,17,1414046146,/sound/voice/s23_50_ja.packs
1462,17,1415742754,/sound/voice/s28_10_en_us.packs
1463,17,1426554803,/sound/voice/s20_55_en_us.packs
1464,17,1431307547,/sound/voice/s00_30_ja.packs
1465,17,1445050997,/sound/voice/s25_60_ja.packs
1466,17,1452596718,/sound/voice/s21_40_en_us.packs
1467,17,1454582871,/sound/voice/s12_67_en_us.packs
1468,17,1478024501,/sound/voice/s48_10_ja.packs
1469,17,1498068187,/sound/voice/s20_20_en_us.packs
1470,17,1508953988,/sound/voice/s28_30_en_us.packs
1471,17,1524518781,/sound/voice/s20_30_ja.packs
1472,17,1526981452,/sound/voice/s28_37_ja.packs
1473,17,1537639355,/sound/voice/s30_10_en_us.packs
1474,17,1545807936,/sound/voice/s21_60_en_us.packs
1475,17,1548525156,/sound/voice/s38_20_en_us.packs
1476,17,1551708253,/sound/voice/s10_50_en_us.packs
1477,17,1554425457,/sound/voice/s27_10_en_us.packs
1478,17,1555523616,/sound/voice/s22_40_ja.packs
1479,17,1563281335,/sound/voice/s38_40_ja.packs
1480,17,1574977184,/sound/voice/s10_25_ja.packs
1481,17,1586528467,/sound/voice/s24_50_ja.packs
1482,17,1588096324,/sound/voice/s48_10_en_us.packs
1483,17,1591279421,/sound/voice/s20_40_en_us.packs
1484,17,1593265574,/sound/voice/s11_67_en_us.packs
1485,17,1602165222,/sound/voice/s28_50_en_us.packs
1486,17,1605982035,/sound/voice/s12_35_ja.packs
1487,17,1609775615,/sound/voice/s10_60_ja.packs
1488,17,1617533318,/sound/voice/s26_60_ja.packs
1489,17,1630850589,/sound/voice/s30_30_en_us.packs
1490,17,1641736390,/sound/voice/s38_40_en_us.packs
1491,17,1642749119,/sound/voice/s33_10_ja.packs
1492,17,1647636691,/sound/voice/s27_30_en_us.packs
1493,17,1663460484,/sound/voice/s10_56_ja.packs
1494,17,1684490655,/sound/voice/s20_60_en_us.packs
1495,17,1693108160,/sound/voice/s26_10_en_us.packs
1496,17,1697001102,/sound/voice/s21_30_ja.packs
1497,17,1702986833,/sound/voice/s30_60_ja.packs
1498,17,1724061823,/sound/voice/s30_50_en_us.packs
1499,17,1726779027,/sound/voice/s47_10_en_us.packs
1500,17,1728005937,/sound/voice/s23_40_ja.packs
1501,17,1731948277,/sound/voice/s10_67_en_us.packs
1502,17,1740847925,/sound/voice/s27_50_en_us.packs
1503,17,1745267338,/sound/voice/s00_20_ja.packs
1504,17,1747459505,/sound/voice/s11_25_ja.packs
1505,17,1753445252,/sound/voice/s20_55_ja.packs
1506,17,1759010788,/sound/voice/s25_50_ja.packs
1507,17,1782257920,/sound/voice/s11_60_ja.packs
1508,17,1786319394,/sound/voice/s26_30_en_us.packs
1509,17,1790015639,/sound/voice/s27_60_ja.packs
1510,17,1803461661,/sound/voice/s10_32_en_us.packs
1511,17,1831790879,/sound/voice/s25_10_en_us.packs
1512,17,1835942805,/sound/voice/s11_56_ja.packs
1513,17,1836977088,/sound/voice/s10_52_ja.packs
1514,17,1838478572,/sound/voice/s20_20_ja.packs
1515,17,1865461730,/sound/voice/s46_10_en_us.packs
1516,17,1869483423,/sound/voice/s22_30_ja.packs
1517,17,1877241126,/sound/voice/s38_30_ja.packs
1518,17,1879530628,/sound/voice/s26_50_en_us.packs
1519,17,1896672895,/sound/voice/s10_52_en_us.packs
1520,17,1900488258,/sound/voice/s24_40_ja.packs
1521,17,1919941826,/sound/voice/s12_25_ja.packs
1522,17,1923735406,/sound/voice/s10_50_ja.packs
1523,17,1925002097,/sound/voice/s25_30_en_us.packs
1524,17,1929424543,/sound/voice/s28_58_ja.packs
1525,17,1931493109,/sound/voice/s26_50_ja.packs
1526,17,1954740241,/sound/voice/s12_60_ja.packs
1527,17,1962497960,/sound/voice/s28_60_ja.packs
1528,17,1970473582,/sound/voice/s24_10_en_us.packs
1529,17,2004144433,/sound/voice/s45_10_en_us.packs
1530,17,2008425126,/sound/voice/s12_56_ja.packs
1531,17,2010960893,/sound/voice/s21_20_ja.packs
1532,17,2016946624,/sound/voice/s30_50_ja.packs
1533,17,2018213331,/sound/voice/s25_50_en_us.packs
1534,17,2041965728,/sound/voice/s23_30_ja.packs
1535,17,2043543202,/sound/voice/s12_35_en_us.packs
1536,17,2059227129,/sound/voice/s00_10_ja.packs
1537,17,2063684800,/sound/voice/s24_30_en_us.packs
1538,17,2072970579,/sound/voice/s25_40_ja.packs
1539,17,2096217727,/sound/voice/s11_50_ja.packs
1540,17,2103975430,/sound/voice/s27_50_ja.packs
1541,17,2109156285,/sound/voice/s23_10_en_us.packs
1542,17,2136754436,/sound/voice/s12_55_en_us.packs
1543,17,2142827136,/sound/voice/s44_10_en_us.packs
1544,18,124739182,/fonts/SKP2-Bold.30.dat
1545,18,247548078,/fonts/FOT-RodinCattleyaPro-DB.22.dat
1546,18,253287528,/fonts/SKP2-Italic.26.dat
1547,18,303563694,/fonts/SKP2-Regular.20.dat
1548,18,342824294,/fonts/FOT-RodinCattleyaPro-DB.48.dat
1549,18,602253060,/fonts/FOT-RodinCattleyaPro-DB.28.dat
1550,18,658268676,/fonts/SKP2-Regular.26.dat
1551,18,842609971,/fonts/SKP2-Italic.30.dat
1552,18,848837489,/fonts/SKP2-Bold.24.dat
1553,18,1081610944,/fonts/FOT-RodinCattleyaPro-DB.24.dat
1554,18,1137626560,/fonts/SKP2-Regular.22.dat
1555,18,1191575519,/fonts/FOT-RodinCattleyaPro-DB.32.dat
1556,18,1232902792,/fonts/SKP2-Regular.48.dat
1557,18,1247591135,/fonts/SKP2-Regular.30.dat
1558,18,1566708294,/fonts/SKP2-Italic.24.dat
1559,18,1682900371,/fonts/SKP2-Bold.26.dat
1560,18,1971689442,/fonts/SKP2-Regular.24.dat
1561,19,24080923,
1562,19,207637469,
1563,19,1133381900,
1564,19,1324680262,
1565,19,1741711703,
1566,19,1754533130,
1567,19,1938089676,
1568,20,3045687,/pic/sepia/simi10.dds
1569,20,247786126,/pic/sepia/simi08.dds
1570,20,310112569,/pic/sepia/simi03.dds
1571,20,415128287,/pic/sepia/waku03.dds
1572,20,664817567,/pic/sepia/simi09.dds
1573,20,727144010,/pic/sepia/simi04.dds
1574,20,908785947,/pic/sepia/sen01.dds
1575,20,1144175451,/pic/sepia/simi05.dds
1576,20,1325817388,/pic/sepia/sen02.dds
1577,20,1561206892,/pic/sepia/simi06.dds
1578,20,1623533335,/pic/sepia/simi01.dds
1579,20,1728549053,/pic/sepia/waku01.dds
1580,20,1742848829,/pic/sepia/sen03.dds
1581,20,1978238333,/pic/sepia/simi07.dds
1582,20,2040564776,/pic/sepia/simi02.dds
1583,20,2145580494,/pic/sepia/waku02.dds
1584,21,300551564,/pic/target/2.tga
1585,21,717583005,/pic/target/3.tga
1586,21,2031003771,/pic/target/1.tga
1587,22,131694615,/scenes/chara/bougohuku.zip
1588,22,149960206,/scenes/chara/luna.zip
1589,22,492857346,/scenes/chara/quark.zip
1590,22,662806346,/scenes/chara/dio.zip
1591,22,689670353,/scenes/chara/zero_t.zip
1592,22,743994043,/scenes/chara/murasaki.zip
1593,22,1526829868,/scenes/chara/alice.zip
1594,22,1611492479,/scenes/chara/phi.zip
1595,22,1780513493,/scenes/chara/yotsuba.zip
1596,22,1874134169,/scenes/chara/k.zip
1597,22,1984660750,/scenes/chara/akane.zip
1598,22,2076631810,/scenes/chara/tenmyouji.zip
1599,23,997992855,/script/system/debug_flag.lua
1600,23,1559527221,/script/system/debug_flow.lua
1601,23,1998773683,/script/system/main_flow.lua
1602,23,2121262225,/script/system/flag.lua
1603,24,1036816108,/script/region_config.lua
1604,25,3099583,/minigame/HOLOGRAM.zip
1605,25,70027204,/minigame/CHECK.zip
1606,25,76777868,/minigame/DOOR2.zip
1607,25,110787016,/minigame/SLIDEICE.zip
1608,25,116123419,/minigame/SAFETYBOX.zip
1609,25,148437510,/minigame/BOMB.zip
1610,25,157144245,
1611,25,284029930,/minigame/DECIPHER.zip
1612,25,328441896,/minigame/SHELF.zip
1613,25,365513476,/minigame/MONITER.zip
1614,25,378143016,/minigame/LOCKER2.zip
1615,25,405458173,/minigame/3D.zip
1616,25,453158997,/minigame/LIFT.zip
1617,25,567131189,/minigame/CUBE.zip
1618,25,701272019,
1619,25,706858510,
1620,25,717219746,/minigame/PICTURE.zip
1621,25,747145510,
1622,25,749210188,/minigame/PAZZLE.zip
1623,25,753783402,
1624,25,771422944,/minigame/CARD.zip
1625,25,1021460115,/minigame/ABGAME.zip
1626,25,1031503744,/minigame/CYLINDER.zip
1627,25,1051294359,/minigame/SLIDE.zip
1628,25,1142812716,/minigame/DICE1.zip
1629,25,1151260281,/minigame/DNA.zip
1630,25,1185185796,/minigame/SHELFBUTTON.zip
1631,25,1210462344,
1632,25,1257174856,/minigame/MAJORNUTRIENT.zip
1633,25,1259614585,/minigame/TOUCH.zip
1634,25,1266366077,/minigame/SAFETYBOX2.zip
1635,25,1295141026,/minigame/PCLOGIN.zip
1636,25,1295905314,/minigame/CLOCK.zip
1637,25,1347625847,/minigame/MEDIUM.zip
1638,25,1383049495,/minigame/ABVOTE.zip
1639,25,1394934837,/minigame/DARTS1.zip
1640,25,1435082867,/minigame/POSTER.zip
1641,25,1437176486,/minigame/LOCKER.zip
1642,25,1579812697,/minigame/EYE.zip
1643,25,1603615820,/minigame/PIPELINE.zip
1644,25,1611433143,/minigame/TENBIN1.zip
1645,25,1683397518,
1646,25,1712343419,/minigame/SCAN.zip
1647,25,1739525721,/minigame/PC.zip
1648,25,1807230075,/minigame/DOOR1.zip
1649,25,1811966278,/minigame/DARTS2.zip
1650,25,1824010118,/minigame/SANDGLASS.zip
1651,25,1914245301,
1652,25,1937318683,/minigame/AQUARIUM.zip
1653,25,2028464584,/minigame/TENBIN2.zip
1654,25,2040242882,/minigame/HITANDBLOW.zip
1655,25,2054490216,/minigame/VOLTAGE.zip
1656,25,2092500230,
1657,25,2108595223,/minigame/LOCKER1.zip
1658,25,2140666342,/minigame/SCREEN.zip
1659,26,3643490,/sound/se/SE_D06_POWER_ON.ogg
1660,26,8741828,/sound/se/SE_D10_WATER_WAIT_LOOP.ogg
1661,26,9124768,/sound/se/SE_S28_BOX_SHAKE.ogg
1662,26,12939464,/sound/se/SE_S42_MOON_DOWN.ogg
1663,26,20448364,/sound/se/SE_D16_DEVICE_SLIDE_S.ogg
1664,26,22773751,/sound/se/SE_STP_RUN_S_A_K.ogg
1665,26,27852919,/sound/se/SE_STP_RUN_S_P_L.ogg
1666,26,27999645,/sound/se/SE_D01_FIRE_BOX_UNLOCK.ogg
1667,26,28065284,/sound/se/SE_D02_CUSHION_MOVE.ogg
1668,26,31338111,/sound/se/SE_D02_BOX_OPEN.ogg
1669,26,33782299,/sound/se/SE_D15_PHOTO_PUT.ogg
1670,26,37143054,/sound/se/SE_S48_VOICE_WOMAN_EN_US.ogg
1671,26,37605781,/sound/se/SE_S40_CUFFS_LOCK.ogg
1672,26,38140294,/sound/se/SE_D15_DRAWER_LOCK.ogg
1673,26,59608895,/sound/se/SE_STP_WALK_TMJ.ogg
1674,26,60247193,/sound/se/SE_S46_ALARM.ogg
1675,26,61887712,/sound/se/SE_D07_ICE_STOP.ogg
1676,26,75070867,/sound/se/SE_D15_PACHI_LOCKON.ogg
1677,26,77082056,/sound/se/SE_D07_FREEZER_UNLOCK.ogg
1678,26,82417386,/sound/se/SE_D10_POD_HANDLE_LOCK.ogg
1679,26,85598848,/sound/se/SE_COM_FLASHBACK_4.ogg
1680,26,96632168,/sound/se/SE_D07_FREEZER_BUTTON.ogg
1681,26,98933365,/sound/se/SE_S45_STAB_NECK.ogg
1682,26,101644684,/sound/se/SE_D16_PANEL_TOUCH.ogg
1683,26,102726026,/sound/se/SE_SYS_GAME_RESET.ogg
1684,26,105147008,/sound/se/SE_COM_9DOOR_STOP.ogg
1685,26,110666016,/sound/se/SE_D04_DOOR_CLOSE.ogg
1686,26,119111291,/sound/se/SE_COM_KEY_INSERT.ogg
1687,26,119287880,/sound/se/SE_COM_MAP_LIGHT_STOP.ogg
1688,26,137747300,/sound/se/SE_D06_CAPSULE_FALL.ogg
1689,26,141473312,/sound/se/SE_D04_TEL_UP.ogg
1690,26,144274619,/sound/se/SE_D05_RADIO_NG.ogg
1691,26,145717887,/sound/se/SE_D04_CUFFS_OPEN.ogg
1692,26,146895227,/sound/se/SE_D09_BUCKET_OPEN.ogg
1693,26,161150400,/sound/se/SE_STP_RUN_6.ogg
1694,26,165783327,/sound/se/SE_D09_MIXER_DRIP.ogg
1695,26,168678169,/sound/se/SE_S00_K_LANDING.ogg
1696,26,175534276,/sound/se/SE_SYS_CANCEL.ogg
1697,26,178564256,/sound/se/SE_D06_ARMOR_MOVE.ogg
1698,26,187809759,/sound/se/SE_S26_BOTTLE_SET.ogg
1699,26,193120642,/sound/se/SE_COM_ALART.ogg
1700,26,193174920,/sound/se/SE_D06_COIN_IN.ogg
1701,26,194324682,/sound/se/SE_COM_GAME_WATER.ogg
1702,26,196280292,/sound/se/SE_D08_COMM_START.ogg
1703,26,197279221,/sound/se/SE_COM_TURN_FACE.ogg
1704,26,199959323,/sound/se/SE_D08_LIFT_OPEN.ogg
1705,26,201500603,/sound/se/SE_D07_WATER_CUP_OUT.ogg
1706,26,204855942,/sound/se/SE_D09_WATER_SUCK_DNA.ogg
1707,26,208697909,/sound/se/SE_COM_GAME_CURSOR.ogg
1708,26,208998496,/sound/se/SE_D05_OIL_WIPE.ogg
1709,26,216901915,/sound/se/SE_D05_GONDOLA_MOVE_LOOP.ogg
1710,26,219441570,/sound/se/SE_S46_BODY_ROLL.ogg
1711,26,222882745,/sound/se/SE_D10_POD_HEAL_LOOP.ogg
1712,26,229031976,/sound/se/SE_S30_WARP_LOOP.ogg
1713,26,232307577,/sound/se/SE_S10_CLIMB_ABROOM.ogg
1714,26,232460704,/sound/se/SE_D12_ZIPPER.ogg
1715,26,236118001,/sound/se/SE_D06_COINBOX_MOVE.ogg
1716,26,236612804,/sound/se/SE_COM_STORAGE_OPEN.ogg
1717,26,237184900,/sound/se/SE_S45_STAB_BLOOD.ogg
1718,26,239845535,/sound/se/SE_S20_GAULEM_SPARK.ogg
1719,26,240643456,/sound/se/SE_D07_ICON_DRAG.ogg
1720,26,240783118,/sound/se/SE_COM_AB_VOTE.ogg
1721,26,242461591,/sound/se/SE_D05_TOOLBOX_LOCK.ogg
1722,26,242868923,/sound/se/SE_D13_HANDLE_LOCK.ogg
1723,26,248677369,/sound/se/SE_COM_CD_ALART_OPEN.ogg
1724,26,255832761,/sound/se/SE_S48_POD_APPEAR.ogg
1725,26,256229493,/sound/se/SE_S00_SIGMA_LANDING_G.ogg
1726,26,256643423,/sound/se/SE_D16_BOTTLE_PICKUP.ogg
1727,26,257467677,/sound/se/SE_D10_WATER_IN.ogg
1728,26,258894201,/sound/se/SE_S38_PHI_JUMP.ogg
1729,26,260266888,/sound/se/SE_STP_RUN_K_L_Y.ogg
1730,26,262003837,/sound/se/SE_S30_DOWN_PHI.ogg
1731,26,269493002,/sound/se/SE_D03_MEMORY_SET.ogg
1732,26,272819707,/sound/se/SE_D11_LIGHT_FALL.ogg
1733,26,273717452,/sound/se/SE_D09_BUCKET_WATER.ogg
1734,26,274163244,/sound/se/SE_SYS_DECISION.ogg
1735,26,274735500,/sound/se/SE_D04_LOCKER_CLOSE.ogg
1736,26,275087788,/sound/se/SE_D10_CLOCK_ALARM.ogg
1737,26,277134862,/sound/se/SE_S10_CAR_ENGINE_1.ogg
1738,26,279403641,/sound/se/SE_D11_HANDLE_TURN.ogg
1739,26,292176874,/sound/se/SE_D04_TEL_TAPE_STOP.ogg
1740,26,292357471,/sound/se/SE_SYS_ARCHIVE_GET.ogg
1741,26,293685990,/sound/se/SE_S00_PROJECTOR_ON.ogg
1742,26,293780130,/sound/se/SE_S11_GUN_TAKE.ogg
1743,26,309035897,/sound/se/SE_S00_CLIMB.ogg
1744,26,326151648,/sound/se/SE_COM_AB_RESULT_2.ogg
1745,26,345695364,/sound/se/SE_S00_MONITOR_OFF.ogg
1746,26,347296469,/sound/se/SE_STP_RUN_S_Y_A.ogg
1747,26,350491833,/sound/se/SE_D09_PIPE_LEVER_S.ogg
1748,26,358956403,/sound/se/SE_COM_GAME_BEEP.ogg
1749,26,359667743,/sound/se/SE_S48_ROPE_CUT.ogg
1750,26,365987938,/sound/se/SE_D06_DARTS_POINT_3.ogg
1751,26,368256010,/sound/se/SE_D05_GOLEM_POWER_12.ogg
1752,26,369957322,/sound/se/SE_S30_RUN_PHI.ogg
1753,26,370466190,/sound/se/SE_S23_NOISE_LOOP.ogg
1754,26,373909294,/sound/se/SE_COM_GAME_NOISE_LOOP.ogg
1755,26,373915771,/sound/se/SE_D03_CLOTH_CUT.ogg
1756,26,382881284,/sound/se/SE_S26_PONPON.ogg
1757,26,385166227,/sound/se/SE_D04_TEL_DOWN.ogg
1758,26,390084046,/sound/se/SE_COM_HEARTBEAT.ogg
1759,26,398980580,/sound/se/SE_S00_PROJECTOR_OFF.ogg
1760,26,401381105,/sound/se/SE_S38_BANGLE_SET.ogg
1761,26,404945753,/sound/se/SE_D04_TEL_WAIT_LOOP.ogg
1762,26,405154816,/sound/se/SE_STP_RUN_S_L_Y.ogg
1763,26,405483584,/sound/se/SE_D11_WATERFALL_LOOP.ogg
1764,26,409478879,/sound/se/SE_COM_GAME_PANEL_ROLL.ogg
1765,26,411242295,/sound/se/SE_S00_BANGLE_NEEDLE.ogg
1766,26,427565137,/sound/se/SE_S21_BODY_FALL.ogg
1767,26,434449348,/sound/se/SE_S40_KNIFE_GRIP.ogg
1768,26,434699210,/sound/se/SE_STP_RUN_LUNA.ogg
1769,26,435506677,/sound/se/SE_STP_RUN_S_Y.ogg
1770,26,444469760,/sound/se/SE_D07_WATER_TANK_IN.ogg
1771,26,449376234,/sound/se/SE_S00_WAKE_SIGMA.ogg
1772,26,451295261,/sound/se/SE_D08_GLASS_LOCK.ogg
1773,26,455539974,/sound/se/SE_D11_COIN_PUT.ogg
1774,26,456927519,/sound/se/SE_D07_HOTDRAWER_CLOSE.ogg
1775,26,463412270,/sound/se/SE_D15_WALL_STOP.ogg
1776,26,464546391,/sound/se/SE_D09_MIXER_MOVE.ogg
1777,26,472026961,/sound/se/SE_D07_WATER_TANK_OUT.ogg
1778,26,473909429,/sound/se/SE_S24_BOTTLE_THROW.ogg
1779,26,474935720,/sound/se/SE_SYS_MESS_S.ogg
1780,26,475750067,/sound/se/SE_SYS_GAME_BEEP.ogg
1781,26,478308081,/sound/se/SE_S45_KNEEL_DOWN.ogg
1782,26,479547131,/sound/se/SE_STP_RUN_PHI.ogg
1783,26,479784703,/sound/se/SE_S28_DICE_FALL.ogg
1784,26,483073433,/sound/se/SE_D13_HANDLE_MOVE.ogg
1785,26,483096465,/sound/se/SE_D09_MIXER_SEED.ogg
1786,26,494730186,/sound/se/SE_D16_COVER_OPEN.ogg
1787,26,503235259,/sound/se/SE_S47_BRANCH.ogg
1788,26,503417401,/sound/se/SE_COM_CAMERA_WORK.ogg
1789,26,503466105,/sound/se/SE_D15_SCAN_BEEP.ogg
1790,26,510697529,/sound/se/SE_S10_BODY_ROLL.ogg
1791,26,512705747,/sound/se/SE_D07_HOTDRAWER_LOOP.ogg
1792,26,513399997,/sound/se/SE_SYS_SAVE.ogg
1793,26,515249514,/sound/se/SE_D10_POD_BASE_LOOP.ogg
1794,26,515521102,/sound/se/SE_D07_ICON_PICKUP.ogg
1795,26,517835539,/sound/se/SE_S11_GUN_LOCKON.ogg
1796,26,520174077,/sound/se/SE_STP_RUN_SIGMA_SP.ogg
1797,26,524042139,/sound/se/SE_D01_WRENCH_SLIDE.ogg
1798,26,531035355,/sound/se/SE_D04_TEL_WAIT_3_LOOP.ogg
1799,26,532630361,/sound/se/SE_D05_KEYBOARD.ogg
1800,26,542424610,/sound/se/SE_STP_RUN_6_SP.ogg
1801,26,547742700,/sound/se/SE_D02_COCKTAIL_MAKE.ogg
1802,26,549088992,/sound/se/SE_S20_TMJ_KICK.ogg
1803,26,549334235,/sound/se/SE_S10_PAPER.ogg
1804,26,552577939,/sound/se/SE_S42_HAND.ogg
1805,26,553442890,/sound/se/SE_D04_TEL_TAPE_PLAY.ogg
1806,26,556106432,/sound/se/SE_D10_PLANT_REMOVE.ogg
1807,26,557861625,/sound/se/SE_D05_RADIO_OK_EN_US.ogg
1808,26,560639127,/sound/se/SE_D06_DISC_SET.ogg
1809,26,564411232,/sound/se/SE_D08_DOOR_OPEN.ogg
1810,26,566141608,/sound/se/SE_STP_RUN_ALICE.ogg
1811,26,574653147,/sound/se/SE_S00_PHI_FLYING.ogg
1812,26,578816832,/sound/se/SE_S40_LUNA_OFF.ogg
1813,26,580382536,/sound/se/SE_COM_GAME_SLIP_LOOP.ogg
1814,26,585377759,/sound/se/SE_S48_VOICE_WOMAN_JA.ogg
1815,26,595234483,/sound/se/SE_COM_GAME_BUTTON.ogg
1816,26,599701196,/sound/se/SE_D05_GOLEM_POWER_NG.ogg
1817,26,613405514,/sound/se/SE_S26_GRASS.ogg
1818,26,615751669,/sound/se/SE_STP_WALK_PHI.ogg
1819,26,615900155,/sound/se/SE_D15_SLIDE_OPEN.ogg
1820,26,619854743,/sound/se/SE_COM_GAME_TRADE.ogg
1821,26,621209198,/sound/se/SE_S27_MES_FALL.ogg
1822,26,624529749,/sound/se/SE_D10_WATER_TANK_OPEN.ogg
1823,26,627318570,/sound/se/SE_S00_WAKE_PHI.ogg
1824,26,643519494,/sound/se/SE_S28_HAND_CLAP.ogg
1825,26,651736117,/sound/se/SE_MOV_S48_15_05_0M.ogg
1826,26,654371543,/sound/se/SE_D03_POWDER.ogg
1827,26,654454756,/sound/se/SE_S00_WRITE_FOOT.ogg
1828,26,655427003,/sound/se/SE_D15_HANDLE_MOVE.ogg
1829,26,655971261,/sound/se/SE_D09_HUME_WATER.ogg
1830,26,660874613,/sound/se/SE_S48_BANGLE_FALL.ogg
1831,26,661915065,/sound/se/SE_SYS_MESS_D.ogg
1832,26,663475259,/sound/se/SE_S40_VIOLENCE.ogg
1833,26,664104132,/sound/se/SE_COM_GAMEOVER.ogg
1834,26,668736610,/sound/se/SE_D03_WATER_BOTTLE.ogg
1835,26,671188757,/sound/se/SE_D01_CARD_OUT.ogg
1836,26,672602284,/sound/se/SE_COM_LEVER.ogg
1837,26,678092808,/sound/se/SE_SYS_MAP_LIGHT_STOP.ogg
1838,26,679818636,/sound/se/SE_STP_RUN_SIGMA_PHI_2.ogg
1839,26,680203773,/sound/se/SE_S00_YOTSUBA_TAKE.ogg
1840,26,688439519,/sound/se/SE_D07_CART_UNLOCK.ogg
1841,26,694166303,/sound/se/SE_S10_CAR_ENGINE_2.ogg
1842,26,695911967,/sound/se/SE_D09_BUCKET_CLOSE.ogg
1843,26,700487773,/sound/se/SE_D03_SHELF_CLOSE.ogg
1844,26,714665984,/sound/se/SE_STP_RUN_S_T_Q.ogg
1845,26,719048582,/sound/se/SE_D02_CLOCK_HAND_SET.ogg
1846,26,721882683,/sound/se/SE_STP_RUN_SIGMA.ogg
1847,26,722225721,/sound/se/SE_S40_LUNA_HAIR.ogg
1848,26,740740736,/sound/se/SE_SYS_TITLE.ogg
1849,26,743183089,/sound/se/SE_COM_AB_RESULT_3.ogg
1850,26,745593224,/sound/se/SE_D05_GOLEM_POWER_1.ogg
1851,26,749397510,/sound/se/SE_D10_PLANT_CHIP.ogg
1852,26,753550698,/sound/se/SE_D03_FUTON_PUT.ogg
1853,26,760545465,/sound/se/SE_COM_CD_SCAN.ogg
1854,26,760705546,/sound/se/SE_S28_BOX_KNOCK.ogg
1855,26,760931223,/sound/se/SE_D07_PH_CHANGE.ogg
1856,26,770294604,/sound/se/SE_SYS_ITEM_GET.ogg
1857,26,771686888,/sound/se/SE_S40_SWING_SPEAR.ogg
1858,26,779668221,/sound/se/SE_STP_RUN_P_D.ogg
1859,26,779849365,/sound/se/SE_D09_PIPE_HANDLE.ogg
1860,26,782516601,/sound/se/SE_D12_BOOK_PUT.ogg
1861,26,786813800,/sound/se/SE_D05_OIL_PASTE.ogg
1862,26,787212970,/sound/se/SE_D01_WRENCH_GET.ogg
1863,26,788980245,/sound/se/SE_STP_RUN_K.ogg
1864,26,799921427,/sound/se/SE_S00_PHI_LANDING_E.ogg
1865,26,803416328,/sound/se/SE_D07_HOTDRAWER_FALL.ogg
1866,26,804023221,/sound/se/SE_S46_BONE_CREAK.ogg
1867,26,816009105,/sound/se/SE_D01_EXIT_BOX_UNLOCK.ogg
1868,26,820183232,/sound/se/SE_D08_LIFT_MOVE.ogg
1869,26,827566990,/sound/se/SE_D05_BLOCK_SET.ogg
1870,26,829640718,/sound/se/SE_SYS_MESS_Y.ogg
1871,26,838149587,/sound/se/SE_D03_SHELF_UNLOCK.ogg
1872,26,848821525,/sound/se/SE_S10_K_ROBE.ogg
1873,26,851195161,/sound/se/SE_S11_GUN_SET.ogg
1874,26,856620512,/sound/se/SE_D14_BREAKER_ON.ogg
1875,26,857699699,/sound/se/SE_D03_SHELF_BUTTON.ogg
1876,26,862879946,/sound/se/SE_COM_GAME_TOUCH.ogg
1877,26,866598549,/sound/se/SE_D04_TEL_CONNECT.ogg
1878,26,870779927,/sound/se/SE_D04_BED_CLOSE.ogg
1879,26,871160844,/sound/se/SE_SYS_CURSOR.ogg
1880,26,872483639,/sound/se/SE_D11_WATERFALL_GATE.ogg
1881,26,875228992,/sound/se/SE_D10_WATER_JELLYFISH.ogg
1882,26,875467839,/sound/se/SE_D09_WATER_SEED.ogg
1883,26,881067967,/sound/se/SE_D01_EXIT_OPEN.ogg
1884,26,882026214,/sound/se/SE_STP_WALK_PHI_2.ogg
1885,26,885768360,/sound/se/SE_S00_K_JUMP.ogg
1886,26,887147878,/sound/se/SE_D01_WRENCH_SET.ogg
1887,26,887439191,/sound/se/SE_SYS_GAME_TRADE.ogg
1888,26,891967161,/sound/se/SE_SYS_MESS_T.ogg
1889,26,892723114,/sound/se/SE_SYS_NO_SELECT.ogg
1890,26,893889947,/sound/se/SE_S48_SUIT_KEY.ogg
1891,26,895788458,/sound/se/SE_SYS_ITEM_MIX.ogg
1892,26,896002779,/sound/se/SE_S22_DOOR_STRIKE.ogg
1893,26,896694400,/sound/se/SE_S30_K_KEY_ROLL.ogg
1894,26,899176802,/sound/se/SE_D04_LOCKER_UNLOCK.ogg
1895,26,902522229,/sound/se/SE_SYS_GAME_CURSOR.ogg
1896,26,903118175,/sound/se/SE_STP_RUN_SIGMA_SP2.ogg
1897,26,914550999,/sound/se/SE_D06_GLASS_BREAK.ogg
1898,26,918726914,/sound/se/SE_D04_LOCKER_BUTTON.ogg
1899,26,928249870,/sound/se/SE_D05_BATTERY_SET.ogg
1900,26,930110086,/sound/se/SE_D15_WALL_START.ogg
1901,26,931068160,/sound/se/SE_D04_TEL_TAPE_SET.ogg
1902,26,934843680,/sound/se/SE_COM_CD_UNLOCK.ogg
1903,26,940903679,/sound/se/SE_S20_GAULEM.ogg
1904,26,941052076,/sound/se/SE_D01_POSTER_PICKUP.ogg
1905,26,944430647,/sound/se/SE_D08_DOOR_LOCK.ogg
1906,26,953242446,/sound/se/SE_S48_SUIT_UNLOCK.ogg
1907,26,955841555,/sound/se/SE_D12_DICE_ROLL.ogg
1908,26,960149213,/sound/se/SE_S30_K_PUNCH.ogg
1909,26,965080260,/sound/se/SE_S40_DRAG.ogg
1910,26,969566210,/sound/se/SE_S48_BANGLE_UNLOCK.ogg
1911,26,974941339,/sound/se/SE_S27_NECK_STRANGLE.ogg
1912,26,989009337,/sound/se/SE_D10_WATER_TANK_CLOSE.ogg
1913,26,991261192,/sound/se/SE_COM_CD_DOOR.ogg
1914,26,994419033,/sound/se/SE_D07_CART_CLOSE.ogg
1915,26,997437111,/sound/se/SE_D09_PIPE_LEVER.ogg
1916,26,1000423876,/sound/se/SE_S24_BOTTLE_CATCH.ogg
1917,26,1001878585,/sound/se/SE_D08_DECOMPRESS_LOOP.ogg
1918,26,1004549164,/sound/se/SE_D10_WATER_TANK_LOCK.ogg
1919,26,1011366843,/sound/se/SE_D04_MONITOR_ON.ogg
1920,26,1015759417,/sound/se/SE_D03_SHELF_OPEN.ogg
1921,26,1020962306,/sound/se/SE_S40_CUFFS_CLOSE.ogg
1922,26,1022048966,/sound/se/SE_D16_PANEL_TOUCH_OFF.ogg
1923,26,1023972490,/sound/se/SE_STP_RUN_AKANE.ogg
1924,26,1025424793,/sound/se/SE_D02_GLOBE_SET.ogg
1925,26,1031505183,/sound/se/SE_D11_DRAWER_CLOSE.ogg
1926,26,1035153830,/sound/se/SE_D03_WATER_VALVE.ogg
1927,26,1036648262,/sound/se/SE_S48_ENV_STREET_LOOP.ogg
1928,26,1041994444,/sound/se/SE_S46_CAPSULE_BITE.ogg
1929,26,1050789173,/sound/se/SE_D07_CART_OPEN.ogg
1930,26,1052894146,/sound/se/SE_COM_GAME_TYPING.ogg
1931,26,1058417188,/sound/se/SE_D09_HUME_LOOP.ogg
1932,26,1062164081,/sound/se/SE_D13_HANDLE_FALL.ogg
1933,26,1071492061,/sound/se/SE_STP_RUN_S_L_F.ogg
1934,26,1074777075,/sound/se/SE_D01_FIRE_BOX_OPEN.ogg
1935,26,1083210109,/sound/se/SE_D13_COMPASS.ogg
1936,26,1084159434,/sound/se/SE_S24_KICK.ogg
1937,26,1089572373,/sound/se/SE_D10_PANEL_STRIKE.ogg
1938,26,1089903165,/sound/se/SE_D03_GLASS_REMOVE.ogg
1939,26,1090537994,/sound/se/SE_S11_GUN_INJECT.ogg
1940,26,1096302498,/sound/se/SE_S48_TV_OFF.ogg
1941,26,1097300640,/sound/se/SE_S40_MUSICBOX.ogg
1942,26,1097625284,/sound/se/SE_STP_WALK_LUNA.ogg
1943,26,1100423929,/sound/se/SE_COM_MAP_LIGHT_MOVE.ogg
1944,26,1101618638,/sound/se/SE_D06_COOLER_OPEN.ogg
1945,26,1102089228,/sound/se/SE_S28_CAPSULE_THROW.ogg
1946,26,1102350668,/sound/se/SE_COM_GAME_LED.ogg
1947,26,1114163522,/sound/se/SE_D08_CHECK_ERROR.ogg
1948,26,1117497053,/sound/se/SE_D10_WATER_MOVE.ogg
1949,26,1122315234,/sound/se/SE_S26_BOTTLE_FALL.ogg
1950,26,1123320032,/sound/se/SE_S40_STAB.ogg
1951,26,1125920317,/sound/se/SE_STP_RUN_PHI_SP.ogg
1952,26,1128939342,/sound/se/SE_S48_TV_NOISE_LOOP.ogg
1953,26,1128959726,/sound/se/SE_D14_BREAKER_OFF.ogg
1954,26,1130464394,/sound/se/SE_SYS_GAME_TOUCH.ogg
1955,26,1132919899,/sound/se/SE_D10_PLANT_PUT.ogg
1956,26,1133818504,/sound/se/SE_STP_RUN_S_L_A.ogg
1957,26,1139053478,/sound/se/SE_S42_MOON_BODY_ROLL.ogg
1958,26,1142875705,/sound/se/SE_D08_POWER_CABLE_L.ogg
1959,26,1152249975,/sound/se/SE_COM_MEMORY.ogg
1960,26,1154242222,/sound/se/SE_D07_FREEZER_OPEN.ogg
1961,26,1160214530,/sound/se/SE_COM_AB_RESULT_4.ogg
1962,26,1161327701,/sound/se/SE_S12_BOMB.ogg
1963,26,1164261252,/sound/se/SE_D11_FINDER_ALARM_L.ogg
1964,26,1165135118,/sound/se/SE_D16_COVER_CLOSE.ogg
1965,26,1169792100,/sound/se/SE_D06_DARTS_SHOT.ogg
1966,26,1174122564,/sound/se/SE_D11_DOOR_UNLOCK.ogg
1967,26,1176678432,/sound/se/SE_D15_LASER.ogg
1968,26,1177428362,/sound/se/SE_D05_HANDLE_MOVE.ogg
1969,26,1180316159,/sound/se/SE_D04_LOCKER_KEY.ogg
1970,26,1182875972,/sound/se/SE_S38_BANGLE_FALL.ogg
1971,26,1191238656,/sound/se/SE_D08_COMPRESS_LOOP.ogg
1972,26,1195104266,/sound/se/SE_D05_CABLE_SET.ogg
1973,26,1196484505,/sound/se/SE_S11_MES.ogg
1974,26,1197241721,/sound/se/SE_SYS_CAMERA_WORK.ogg
1975,26,1197776896,/sound/se/SE_D04_WALLET.ogg
1976,26,1198709911,/sound/se/SE_COM_CARD_GET.ogg
1977,26,1202408878,/sound/se/SE_COM_EV_MOVE_LONG.ogg
1978,26,1202683167,/sound/se/SE_D15_STORAGE_OPEN.ogg
1979,26,1204857599,/sound/se/SE_D08_LIFT_CLOSE.ogg
1980,26,1210172437,/sound/se/SE_S41_K_TACKLE.ogg
1981,26,1210626818,/sound/se/SE_D06_COOLER_CLOSE.ogg
1982,26,1216620799,/sound/se/SE_STP_RUN_S_P_T.ogg
1983,26,1219716115,/sound/se/SE_STP_RUN_MOON.ogg
1984,26,1220823035,/sound/se/SE_S30_SIT_CHAIR.ogg
1985,26,1221345608,/sound/se/SE_S20_ALART.ogg
1986,26,1225619594,/sound/se/SE_D08_DOOR_UNLOCK.ogg
1987,26,1229684744,/sound/se/SE_D04_SCRATCH_LOOP.ogg
1988,26,1229876300,/sound/se/SE_D10_POD_CLOSE.ogg
1989,26,1243122180,/sound/se/SE_COM_GAME_ON.ogg
1990,26,1243860360,/sound/se/SE_COM_CD_ALART.ogg
1991,26,1249450549,/sound/se/SE_COM_ANNOUNCE.ogg
1992,26,1252688770,/sound/se/SE_D03_WATER_CLOTH.ogg
1993,26,1265695624,/sound/se/SE_D10_POD_OPEN.ogg
1994,26,1267093179,/sound/se/SE_STP_WALK_ALICE_LOOP.ogg
1995,26,1276154024,/sound/se/SE_D11_POT_SLIDE.ogg
1996,26,1279040051,/sound/se/SE_S30_DRAG.ogg
1997,26,1288674820,/sound/se/SE_SYS_CLICK.ogg
1998,26,1288732249,/sound/se/SE_D02_MONITOR_ON.ogg
1999,26,1296863496,/sound/se/SE_COM_CARD_SLIDE.ogg
2000,26,1304328972,/sound/se/SE_D06_RIDE_MOVE_LOOP.ogg
2001,26,1326687613,/sound/se/SE_COM_FLASHBACK.ogg
2002,26,1327447462,/sound/se/SE_COM_9DOOR_UNLOCK.ogg
2003,26,1343886240,/sound/se/SE_D05_PANEL_ROLL.ogg
2004,26,1344886880,/sound/se/SE_S10_KNOCK_HATCH.ogg
2005,26,1348951754,/sound/se/SE_S00_WAKE.ogg
2006,26,1350284479,/sound/se/SE_COM_GAME_SCRATCH.ogg
2007,26,1353279059,/sound/se/SE_SYS_MENU.ogg
2008,26,1354838376,/sound/se/SE_D06_GLASS_CLOSE.ogg
2009,26,1362065013,/sound/se/SE_COM_9LIFT_MOVE_LOOP.ogg
2010,26,1367229484,/sound/se/SE_S11_DOWN.ogg
2011,26,1367273913,/sound/se/SE_D15_STUFF_PUT.ogg
2012,26,1371325045,/sound/se/SE_SYS_MESS_P.ogg
2013,26,1374663140,/sound/se/SE_COM_9DOOR_LOOP.ogg
2014,26,1376202039,/sound/se/SE_S38_KEY_TIE.ogg
2015,26,1381434583,/sound/se/SE_D10_PLANT_BREAK.ogg
2016,26,1384039950,/sound/se/SE_D13_HANDLE_SET.ogg
2017,26,1389703195,/sound/se/SE_D15_PACHI_SHOT.ogg
2018,26,1391754536,/sound/se/SE_D08_COMM_SWITCH.ogg
2019,26,1392397768,/sound/se/SE_D01_MAZE_BOX_GET.ogg
2020,26,1393217030,/sound/se/SE_D10_POD_BASE_STOP.ogg
2021,26,1395778816,/sound/se/SE_D03_SHELF_LOCK.ogg
2022,26,1396195573,/sound/se/SE_D16_DEVICE_SLIDE_L.ogg
2023,26,1399019630,/sound/se/SE_COM_FLASHBACK_2.ogg
2024,26,1405322250,/sound/se/SE_S00_POSTER_PICKUP.ogg
2025,26,1408990711,/sound/se/SE_S10_GAS_LOOP.ogg
2026,26,1411020725,/sound/se/SE_S11_KICK_LOCKER.ogg
2027,26,1415937804,/sound/se/SE_S24_ARM_CRUSH.ogg
2028,26,1417182037,/sound/se/SE_S38_PHI_ATTACK.ogg
2029,26,1424303170,/sound/se/SE_D06_BALL_FALL.ogg
2030,26,1433651488,/sound/se/SE_SYS_MESS_K.ogg
2031,26,1438876243,/sound/se/SE_D09_MIXER_WATER.ogg
2032,26,1443481277,/sound/se/SE_SYS_FLASHBACK.ogg
2033,26,1443639398,/sound/se/SE_COM_SHOCK.ogg
2034,26,1449315477,/sound/se/SE_S48_GUN_SHOT.ogg
2035,26,1454796490,/sound/se/SE_D01_FIRE_BOX_LOCK.ogg
2036,26,1458350052,/sound/se/SE_COM_GAME_SLIP_STOP.ogg
2037,26,1460426775,/sound/se/SE_D10_BINDER_GET.ogg
2038,26,1460897403,/sound/se/SE_D11_DRAWER_OPEN.ogg
2039,26,1461099839,/sound/se/SE_COM_EV_MOVE.ogg
2040,26,1466584556,/sound/se/SE_S42_MOON_BATTLE.ogg
2041,26,1467022184,/sound/se/SE_COM_MEMORY_2.ogg
2042,26,1473603613,/sound/se/SE_D08_PROTECTOR.ogg
2043,26,1484605781,/sound/se/SE_D15_FILE_PAGE.ogg
2044,26,1489790638,/sound/se/SE_S42_MOON_NOISE.ogg
2045,26,1491931199,/sound/se/SE_D11_BALANCE_BREAK.ogg
2046,26,1494631005,/sound/se/SE_S11_STEAL.ogg
2047,26,1497933563,/sound/se/SE_S40_SWING_AXE.ogg
2048,26,1509921698,/sound/se/SE_S41_K_TACKLE_FX.ogg
2049,26,1510112162,/sound/se/SE_STP_WALK_ALICE.ogg
2050,26,1520692552,/sound/se/SE_D04_LOCKER_OPEN.ogg
2051,26,1526791953,/sound/se/SE_D07_BUTTON_SET.ogg
2052,26,1527232505,/sound/se/SE_D04_FOIL_PUT.ogg
2053,26,1558304390,/sound/se/SE_SYS_MESS_A.ogg
2054,26,1561225171,/sound/se/SE_S42_DECOMP_DOOR.ogg
2055,26,1561693006,/sound/se/SE_D04_TEL_TAPE_LOOP.ogg
2056,26,1565178099,/sound/se/SE_D15_STORAGE_CLOSE.ogg
2057,26,1567739383,/sound/se/SE_D01_EXIT_BOX_OPEN.ogg
2058,26,1571127694,/sound/se/SE_S41_POD_HIT.ogg
2059,26,1577245971,/sound/se/SE_COM_AB_RESULT_5.ogg
2060,26,1577455244,/sound/se/SE_D03_SCANNER_ON.ogg
2061,26,1578446833,/sound/se/SE_D10_POD_COLD_LOOP.ogg
2062,26,1579725926,/sound/se/SE_D10_PICTURE_MOVE.ogg
2063,26,1581433457,/sound/se/SE_COM_COMMENT.ogg
2064,26,1582187176,/sound/se/SE_S48_SUIT_CASTOFF.ogg
2065,26,1583633395,/sound/se/SE_D11_COIN_COLLECT.ogg
2066,26,1583793664,/sound/se/SE_D07_HOTDRAWER_END.ogg
2067,26,1584469504,/sound/se/SE_S48_ENV_SIREN_LOOP.ogg
2068,26,1587287985,/sound/se/SE_D16_PANEL_LIGHT.ogg
2069,26,1596105992,/sound/se/SE_D01_BOX_BUTTON.ogg
2070,26,1602565151,/sound/se/SE_D07_PH_CHECK.ogg
2071,26,1603140571,/sound/se/SE_S26_IB_MOVE.ogg
2072,26,1611649311,
2073,26,1612526909,/sound/se/SE_S10_GAS_BURST.ogg
2074,26,1617387443,/sound/se/SE_COM_FACE_IN.ogg
2075,26,1617991848,/sound/se/SE_COM_SHOCK2.ogg
2076,26,1620977928,/sound/se/SE_D05_COVER_OPEN.ogg
2077,26,1622114425,/sound/se/SE_D07_ICE_FALL.ogg
2078,26,1633984309,/sound/se/SE_S00_PHI_LANDING_G.ogg
2079,26,1639572430,/sound/se/SE_COM_AB_RESULT_0.ogg
2080,26,1642457582,/sound/se/SE_D09_FLOG_HARAKIRI.ogg
2081,26,1648156330,/sound/se/SE_D04_TEL_WAIT_2_LOOP.ogg
2082,26,1659228857,/sound/se/SE_SYS_MAP_LIGHT_MOVE.ogg
2083,26,1661865378,/sound/se/SE_D07_FREEZER_CLOSE.ogg
2084,26,1662875701,/sound/se/SE_S30_HEARTBEAT.ogg
2085,26,1665744945,/sound/se/SE_S40_SLASH.ogg
2086,26,1667539308,/sound/se/SE_SYS_START.ogg
2087,26,1671013098,/sound/se/SE_D07_CART_MOVE.ogg
2088,26,1674841964,/sound/se/SE_COM_GAME_NG.ogg
2089,26,1678344646,/sound/se/SE_STP_RUN_DIO.ogg
2090,26,1679408704,/sound/se/SE_D06_DARTS_POINT_1.ogg
2091,26,1686632750,/sound/se/SE_D11_DOOR_CLOSE.ogg
2092,26,1692906875,/sound/se/SE_S48_KNIFE.ogg
2093,26,1696533382,/sound/se/SE_STP_RUN_T_Y.ogg
2094,26,1701615018,/sound/se/SE_S41_BANGLE_SPEAR.ogg
2095,26,1703418852,/sound/se/SE_D08_DOOR_CLOSE.ogg
2096,26,1711497224,/sound/se/SE_COM_STORAGE_CLOSE.ogg
2097,26,1711732808,/sound/se/SE_S48_VOICE_MAN_EN_US.ogg
2098,26,1711793450,/sound/se/SE_D11_DOOR_OPEN.ogg
2099,26,1712778926,/sound/se/SE_S00_DOOR_LOCK.ogg
2100,26,1729933555,/sound/se/SE_MOV_S38_45_01_0M.ogg
2101,26,1730000524,/sound/se/SE_COM_EV_DOOR.ogg
2102,26,1732928386,/sound/se/SE_D15_WALL_LOOP.ogg
2103,26,1734877384,/sound/se/SE_D03_CLOTH_PUT.ogg
2104,26,1735957661,/sound/se/SE_D05_KEY_WRONG.ogg
2105,26,1737452074,/sound/se/SE_D07_WATER_CUP_IN.ogg
2106,26,1739109192,/sound/se/SE_D06_BALL_TAKE.ogg
2107,26,1740163498,/sound/se/SE_D05_RADIO_OK_JA.ogg
2108,26,1742047733,/sound/se/SE_D10_PLANT_CLEAN.ogg
2109,26,1744556174,/sound/se/SE_D10_WATER_OUT.ogg
2110,26,1746718466,/sound/se/SE_SYS_GAME_TYPING.ogg
2111,26,1751585403,/sound/se/SE_D07_HOTDRAWER_OPEN.ogg
2112,26,1753036642,/sound/se/SE_D06_RIDE_STOP.ogg
2113,26,1756519010,/sound/se/SE_D05_HANDLE_FALL.ogg
2114,26,1758305126,/sound/se/SE_STP_RUN_S_P_K.ogg
2115,26,1762844019,/sound/se/SE_D11_VEGETABLE_GET.ogg
2116,26,1767129499,/sound/se/SE_STP_RUN_SIGMA_PHI.ogg
2117,26,1767406274,/sound/se/SE_D15_POWER_ON.ogg
2118,26,1767651927,/sound/se/SE_S00_DOOR_STRIKE.ogg
2119,26,1771009875,/sound/se/SE_S30_K_KEY_SET.ogg
2120,26,1779020343,/sound/se/SE_STP_RUN_2SEC.ogg
2121,26,1780179255,/sound/se/SE_D01_WRENCH_USE.ogg
2122,26,1781418963,/sound/se/SE_D15_BALOON_BURST.ogg
2123,26,1782161657,/sound/se/SE_D06_LUMINOL.ogg
2124,26,1788356486,/sound/se/SE_SYS_MESS_Q.ogg
2125,26,1792129201,/sound/se/SE_S10_CAR_DOOR_CLOSE.ogg
2126,26,1795548522,/sound/se/SE_D06_PHOTO_OUT.ogg
2127,26,1797531089,/sound/se/SE_S40_KNIFE_FALL.ogg
2128,26,1805070030,/sound/se/SE_S40_CUFFS_OPEN.ogg
2129,26,1813406071,/sound/se/SE_S41_K_MASK_OFF.ogg
2130,26,1816051071,/sound/se/SE_COM_FLASHBACK_3.ogg
2131,26,1839330613,/sound/se/SE_S00_K_FLYING.ogg
2132,26,1841212691,/sound/se/SE_D11_LIGHT_MOVE.ogg
2133,26,1850682929,/sound/se/SE_SYS_MESS_L.ogg
2134,26,1856163959,/sound/se/SE_D05_TOOLBOX_KEY.ogg
2135,26,1861070758,/sound/se/SE_D09_MIXER_CLOSE.ogg
2136,26,1864027460,/sound/se/SE_COM_EV_BUTTON.ogg
2137,26,1864254630,/sound/se/SE_S10_CAR_ENGINE_KEY.ogg
2138,26,1867443473,/sound/se/SE_D05_GONDOLA_STOP.ogg
2139,26,1874764569,/sound/se/SE_D12_BOOKSHELF_MOVE.ogg
2140,26,1879846101,/sound/se/SE_D08_DECOMPRESS_STOP.ogg
2141,26,1882958028,/sound/se/SE_STP_RUN_S_P_A.ogg
2142,26,1886119001,/sound/se/SE_S00_TURN_FACE.ogg
2143,26,1888178747,/sound/se/SE_COM_9LIFT_STOP.ogg
2144,26,1891602623,/sound/se/SE_STP_RUN_5.ogg
2145,26,1895175421,/sound/se/SE_S00_HAND.ogg
2146,26,1895570306,/sound/se/SE_STP_WALK_YNGAKANE.ogg
2147,26,1900711967,/sound/se/SE_D04_LOCKER_LOCK.ogg
2148,26,1903433864,/sound/se/SE_STP_RUN_S_T_Y.ogg
2149,26,1904884027,/sound/se/SE_D03_SHELF_DOOR.ogg
2150,26,1909170604,/sound/se/SE_D01_KEY_GET.ogg
2151,26,1912872236,/sound/se/SE_D04_DOOR_OPEN.ogg
2152,26,1914612128,/sound/se/SE_D08_POWER_CABLE_S.ogg
2153,26,1917834466,/sound/se/SE_D10_POD_HANDLE.ogg
2154,26,1918308121,/sound/se/SE_D11_DIG.ogg
2155,26,1931885211,/sound/se/SE_S00_COUNT.ogg
2156,26,1935443901,/sound/se/SE_S30_DOWN_SIGMA.ogg
2157,26,1935997691,/sound/se/SE_D11_FINDER_ALARM_S.ogg
2158,26,1942099008,/sound/se/SE_D06_PHOTO_SHOT.ogg
2159,26,1945081124,/sound/se/SE_S10_CAR_DOOR_LOCK.ogg
2160,26,1947758798,/sound/se/SE_D01_EXIT_BOX_LOCK.ogg
2161,26,1955691249,/sound/se/SE_S30_WAVE_DATA.ogg
2162,26,1957396706,/sound/se/SE_D14_PC_WINDOW.ogg
2163,26,1957756458,/sound/se/SE_D02_BOTTLE_SET.ogg
2164,26,1967943044,/sound/se/SE_STP_WALK_AKANE.ogg
2165,26,1971136846,/sound/se/SE_S00_PHI_JUMP.ogg
2166,26,1975842510,/sound/se/SE_D08_PLATE_REMOVE.ogg
2167,26,1977394050,/sound/se/SE_D03_WATER_LOOP.ogg
2168,26,1980850628,/sound/se/SE_D07_LUNCHBOX_OUT.ogg
2169,26,1982625226,/sound/se/SE_COM_GAME_RESET.ogg
2170,26,1983506865,/sound/se/SE_SYS_COMMENT.ogg
2171,26,1984246643,/sound/se/SE_D04_BED_OPEN.ogg
2172,26,1986506820,/sound/se/SE_COM_RED_HANDLE.ogg
2173,26,1986932548,/sound/se/SE_D01_CARD_IN.ogg
2174,26,1986933081,/sound/se/SE_S10_KNEEL_DOWN.ogg
2175,26,1989350807,/sound/se/SE_D01_FIRE_BOX_CLOSE.ogg
2176,26,1991806114,/sound/se/SE_D09_MIXER_OPEN.ogg
2177,26,1994277412,/sound/se/SE_COM_AB_RESULT_6.ogg
2178,26,1995078402,/sound/se/SE_D13_SCAN_MOVE.ogg
2179,26,2005081937,/sound/se/SE_STP_RUN_YOTSUBA.ogg
2180,26,2006015391,/sound/se/SE_D15_SLIDE_CLOSE.ogg
2181,26,2009925824,/sound/se/SE_D05_TOOLBOX_OPEN.ogg
2182,26,2010766826,/sound/se/SE_D04_TEL_COVER.ogg
2183,26,2014704846,/sound/se/SE_S11_GUN_SLIDE.ogg
2184,26,2023634933,/sound/se/SE_S12_SLAP.ogg
2185,26,2024255763,/sound/se/SE_D16_PANEL_OK.ogg
2186,26,2031036755,/sound/se/SE_D06_DISC_OUT.ogg
2187,26,2031273774,/sound/se/SE_D06_DARTS_POINT_BULL.ogg
2188,26,2034105657,/sound/se/SE_S40_LUNA_HUG.ogg
2189,26,2035023289,/sound/se/SE_COM_SHOCK3.ogg
2190,26,2040808106,/sound/se/SE_D16_PANEL_SLIDE.ogg
2191,26,2054788981,/sound/se/SE_D03_WATER_BASIN.ogg
2192,26,2055100418,/sound/se/SE_COM_BANGLE_BUTTON.ogg
2193,26,2056603871,/sound/se/SE_COM_AB_RESULT_1.ogg
2194,26,2058790370,/sound/se/SE_S11_BOTTLE_LOOK.ogg
2195,26,2063405222,/sound/se/SE_D08_CHECK_START.ogg
2196,26,2065173399,/sound/se/SE_D04_TEL_BUTTON.ogg
2197,26,2069206188,/sound/se/SE_D08_COMPRESS_STOP.ogg
2198,26,2069716123,/sound/se/SE_S26_IB_END.ogg
2199,26,2070887989,/sound/se/SE_STP_RUN_TMJ.ogg
2200,26,2074355133,/sound/se/SE_D07_PH_BUTTON.ogg
2201,26,2082950809,/sound/se/SE_S48_VOICE_MAN_JA.ogg
2202,26,2086337740,
2203,26,2087269380,/sound/se/SE_D05_TOOLBOX_CLOSE.ogg
2204,26,2088045299,/sound/se/SE_S41_CD_DOOR_SP.ogg
2205,26,2090134594,/sound/se/SE_D06_FLOOR_LIGHT.ogg
2206,26,2093687724,/sound/se/SE_S28_REMO_CON_FALL.ogg
2207,26,2093794222,/sound/se/SE_COM_AB_START.ogg
2208,26,2094239583,/sound/se/SE_D05_HANDLE_SET.ogg
2209,26,2096440145,/sound/se/SE_D06_DARTS_POINT_2.ogg
2210,26,2099944861,/sound/se/SE_D04_DOOR_OPEN_2.ogg
2211,26,2114215735,/sound/se/SE_S48_BOMB_LOOP.ogg
2212,26,2115571200,/sound/se/SE_STP_RUN_SIGMA_STOP.ogg
2213,26,2117109107,/sound/se/SE_D11_DIG_HAND.ogg
2214,26,2117914858,/sound/se/SE_D05_TOOLBOX_UNLOCK.ogg
2215,26,2125710901,/sound/se/SE_D08_DOLL_BURST.ogg
2216,26,2128814630,/sound/se/SE_D06_SHIELD_HIT.ogg
2217,26,2133330967,/sound/se/SE_D02_COCKTAIL_PUT.ogg
2218,26,2135955255,/sound/se/SE_D02_CLOCK_MOVE.ogg
2219,26,2139511505,/sound/se/SE_COM_GAME_OK.ogg
2220,26,2142903195,/sound/se/SE_D01_EXIT_BOX_CLOSE.ogg
2221,27,22167899,/script/lipsync/l_s26_60_Ali_Dex_Ura.lua
2222,27,24421279,/script/lipsync/l_s11_10_Kii_Skp_Mae.lua
2223,27,34484273,/script/lipsync/l_s11_20_Kii_Skp_Ato.lua
2224,27,37851865,/script/lipsync/l_s30_50_Lun_Dex_Kyo.lua
2225,27,50435490,/script/lipsync/l_s27_37_Sig_Gouryu2.lua
2226,27,74461561,/script/lipsync/l_s27_60_Sig_Dex_Ura.lua
2227,27,79066816,/script/lipsync/l_s40_15_Lun_End_002.lua
2228,27,99407923,/script/lipsync/l_s33_30_Tmj_Gouryuu.lua
2229,27,100569177,/script/lipsync/l_s12_67_Miz_Dex_Ur3.lua
2230,27,149782628,/script/lipsync/l_s30_30_Lun_Gouryuu.lua
2231,27,182251052,/script/lipsync/l_s38_10_Phi_Skp_Mae.lua
2232,27,192314062,/script/lipsync/l_s38_20_Phi_Skp_Ato.lua
2233,27,199284672,/script/lipsync/l_s22_10_Dio_Skp_Mae.lua
2234,27,209347682,/script/lipsync/l_s22_20_Dio_Skp_Ato.lua
2235,27,219936388,/script/lipsync/l_s26_40_Ali_Dex_Mae.lua
2236,27,224026393,/script/lipsync/l_s26_35_Kyoutsuu.lua
2237,27,225358549,/script/lipsync/l_s10_10_Mur_Skp_Mae.lua
2238,27,227037437,/script/lipsync/l_s48_17_Phi_End_003.lua
2239,27,230787287,/script/lipsync/l_s12_35_Miz_GouRyu2.lua
2240,27,235421559,/script/lipsync/l_s10_20_Mur_Skp_Ato.lua
2241,27,248276576,/script/lipsync/l_s25_60_Yot_Dex_Ura.lua
2242,27,249067046,/script/lipsync/l_s44_10_Qua_End_001.lua
2243,27,254518585,/script/lipsync/l_s43_10_Tmj_End_001.lua
2244,27,272230050,/script/lipsync/l_s27_40_Sig_Dex_Mae.lua
2245,27,279792659,/script/lipsync/l_s00_10_PLG_Skp_Mae.lua
2246,27,289855669,/script/lipsync/l_s00_20_PLG_Skp_Ato.lua
2247,27,304893290,/script/lipsync/l_s40_10_Lun_End_001.lua
2248,27,380534453,/script/lipsync/l_s26_50_Ali_Dex_Kyo.lua
2249,27,426265454,/script/lipsync/l_s10_22_KyouTsuu.lua
2250,27,427166912,/script/lipsync/l_s12_60_Miz_Dex_Ura.lua
2251,27,430848369,/script/lipsync/l_s21_60_Kkk_Dex_Ura.lua
2252,27,432828115,/script/lipsync/l_s27_50_Sig_Dex_Kyo.lua
2253,27,446045081,/script/lipsync/l_s25_40_Yot_Dex_Mae.lua
2254,27,449097105,/script/lipsync/l_s28_37_Phi_Gouryu2.lua
2255,27,473123176,/script/lipsync/l_s28_60_Phi_Dex_Ura.lua
2256,27,484095588,/script/lipsync/l_s11_67_Kii_Dex_Ur2.lua
2257,27,488661521,/script/lipsync/l_s10_52_KyouTsuu.lua
2258,27,492465216,/script/lipsync/l_s26_30_Ali_Gouryuu.lua
2259,27,519517770,/script/lipsync/l_s28_55_Phi_Dex_Ky2.lua
2260,27,538957386,/script/lipsync/l_s90_90_Tsu_ika_900.lua
2261,27,544758894,/script/lipsync/l_s27_30_Sig_Gouryuu.lua
2262,27,573290737,/script/lipsync/l_s33_10_Tmj_Skp_Mae.lua
2263,27,583353747,/script/lipsync/l_s33_20_Tmj_Skp_Ato.lua
2264,27,606643146,/script/lipsync/l_s25_50_Yot_Dex_Kyo.lua
2265,27,623665442,/script/lipsync/l_s30_10_Lun_Skp_Mae.lua
2266,27,624935417,/script/lipsync/l_s12_40_Miz_Dex_Mae.lua
2267,27,628616874,/script/lipsync/l_s21_40_Kkk_Dex_Mae.lua
2268,27,633728452,/script/lipsync/l_s30_20_Lun_Skp_Ato.lua
2269,27,645915076,/script/lipsync/l_s12_57_Miz_Dex_Ky2.lua
2270,27,661894813,/script/lipsync/l_s99_99_Option.lua
2271,27,670891665,/script/lipsync/l_s28_40_Phi_Dex_Mae.lua
2272,27,675083989,/script/lipsync/l_s10_56_KyouTsuu.lua
2273,27,685032874,/script/lipsync/l_s10_67_Mur_Dex_Ur2.lua
2274,27,714655157,/script/lipsync/l_s11_55_KyouTsuu.lua
2275,27,718573909,/script/lipsync/l_s25_30_Yot_Gouryuu.lua
2276,27,785533482,/script/lipsync/l_s12_50_Miz_Dex_Kyo.lua
2277,27,789214939,/script/lipsync/l_s21_50_Kkk_Dex_Kyo.lua
2278,27,792943897,/script/lipsync/l_s42_10_Dio_End_001.lua
2279,27,823618500,/script/lipsync/l_s12_56_KyouTsu2.lua
2280,27,831489730,/script/lipsync/l_s28_50_Phi_Dex_Kyo.lua
2281,27,858711338,/script/lipsync/l_s24_60_Qua_Dex_Ura.lua
2282,27,864162877,/script/lipsync/l_s23_60_Tmj_Dex_Ura.lua
2283,27,897464245,/script/lipsync/l_s12_30_Miz_GouRyuu.lua
2284,27,901145702,/script/lipsync/l_s21_30_Kkk_Gouryuu.lua
2285,27,914537582,/script/lipsync/l_s20_60_Lun_Dex_Ura.lua
2286,27,935708128,/script/lipsync/l_s28_58_Kyoutsuu.lua
2287,27,943420509,/script/lipsync/l_s28_30_Phi_Gouryuu.lua
2288,27,960932160,/script/lipsync/l_s20_55_Lun_Dex_Ky2.lua
2289,27,966348046,/script/lipsync/l_s26_10_Ali_Skp_Mae.lua
2290,27,976411040,/script/lipsync/l_s26_20_Ali_Skp_Ato.lua
2291,27,988868407,/script/lipsync/l_s11_45_Kii_Dex_Ma2.lua
2292,27,1018641708,/script/lipsync/l_s27_10_Sig_Skp_Mae.lua
2293,27,1028704718,/script/lipsync/l_s27_20_Sig_Skp_Ato.lua
2294,27,1056479827,/script/lipsync/l_s24_40_Qua_Dex_Mae.lua
2295,27,1061931366,/script/lipsync/l_s23_40_Tmj_Dex_Mae.lua
2296,27,1069438109,/script/lipsync/l_s12_25_Miz_Skp_At2.lua
2297,27,1108902781,/script/lipsync/l_s28_57_Phi_Dex_Ky3.lua
2298,27,1112306071,/script/lipsync/l_s20_40_Lun_Dex_Mae.lua
2299,27,1146698180,/script/lipsync/l_s38_45_Phi_Dex_Ma2.lua
2300,27,1162892031,/script/lipsync/l_s10_32_KyouTsuu.lua
2301,27,1189805693,/script/lipsync/l_s10_45_Mur_Dex_Ma2.lua
2302,27,1192456723,/script/lipsync/l_s25_10_Yot_Skp_Mae.lua
2303,27,1202519733,/script/lipsync/l_s25_20_Yot_Skp_Ato.lua
2304,27,1217077892,/script/lipsync/l_s24_50_Qua_Dex_Kyo.lua
2305,27,1222529431,/script/lipsync/l_s23_50_Tmj_Dex_Kyo.lua
2306,27,1227724780,/script/lipsync/l_s11_60_Kii_Dex_Ura.lua
2307,27,1272904136,/script/lipsync/l_s20_50_Lun_Dex_Kyo.lua
2308,27,1274119374,/script/lipsync/l_s11_55_Kii_Dex_Ky2.lua
2309,27,1329008671,/script/lipsync/l_s24_30_Qua_Gouryuu.lua
2310,27,1334460194,/script/lipsync/l_s23_30_Tmj_Gouryuu.lua
2311,27,1371347059,/script/lipsync/l_s12_10_Miz_Skp_Mae.lua
2312,27,1375028516,/script/lipsync/l_s21_10_Kkk_Skp_Mae.lua
2313,27,1381410069,/script/lipsync/l_s12_20_Miz_Skp_Ato.lua
2314,27,1384834899,/script/lipsync/l_s20_30_Lun_Gouryuu.lua
2315,27,1385091526,/script/lipsync/l_s21_20_Kkk_Skp_Ato.lua
2316,27,1386474459,/script/lipsync/l_s47_15_Sig_End_002.lua
2317,27,1402588189,/script/lipsync/l_s22_60_Dio_Dex_Ura.lua
2318,27,1417303323,/script/lipsync/l_s28_10_Phi_Skp_Mae.lua
2319,27,1425493269,/script/lipsync/l_s11_40_Kii_Dex_Mae.lua
2320,27,1427366333,/script/lipsync/l_s28_20_Phi_Skp_Ato.lua
2321,27,1428662050,/script/lipsync/l_s10_60_Mur_Dex_Ura.lua
2322,27,1446472928,/script/lipsync/l_s11_57_Kii_Dex_Ky2.lua
2323,27,1560007255,/script/lipsync/l_s46_10_Ali_End_001.lua
2324,27,1570367470,/script/lipsync/l_s27_39_Kyoutsuu.lua
2325,27,1583323042,/script/lipsync/l_s38_40_Phi_Dex_Mae.lua
2326,27,1586091334,/script/lipsync/l_s11_50_Kii_Dex_Kyo.lua
2327,27,1600356678,/script/lipsync/l_s22_40_Dio_Dex_Mae.lua
2328,27,1612300917,/script/lipsync/l_s47_10_Sig_End_001.lua
2329,27,1626430555,/script/lipsync/l_s10_40_Mur_Dex_Mae.lua
2330,27,1627385540,/script/lipsync/l_s27_38_Sig_Gouryu3.lua
2331,27,1630589318,/script/lipsync/l_s30_35_Lun_Gouryu2.lua
2332,27,1698287776,/script/lipsync/l_s28_59_Phi_Dex_Ky4.lua
2333,27,1742861267,/script/lipsync/l_s41_15_Kkk_End_002.lua
2334,27,1743921107,/script/lipsync/l_s38_50_Phi_Dex_Kyo.lua
2335,27,1760954743,/script/lipsync/l_s22_50_Dio_Dex_Kyo.lua
2336,27,1776594254,/script/lipsync/l_s33_60_Tmj_Dex_Ura.lua
2337,27,1785136074,/script/lipsync/l_s48_15_Phi_End_002.lua
2338,27,1786115948,/script/lipsync/l_s45_10_Yot_End_001.lua
2339,27,1787028620,/script/lipsync/l_s10_50_Mur_Dex_Kyo.lua
2340,27,1802891485,/script/lipsync/l_s24_10_Qua_Skp_Mae.lua
2341,27,1808343008,/script/lipsync/l_s23_10_Tmj_Skp_Mae.lua
2342,27,1811183539,/script/lipsync/l_s11_56_KyouTsu2.lua
2343,27,1812954495,/script/lipsync/l_s24_20_Qua_Skp_Ato.lua
2344,27,1818406018,/script/lipsync/l_s23_20_Tmj_Skp_Ato.lua
2345,27,1826968959,/script/lipsync/l_s30_60_Lun_Dex_Ura.lua
2346,27,1855851886,/script/lipsync/l_s38_30_Phi_Gouryuu.lua
2347,27,1858717713,/script/lipsync/l_s20_10_Lun_Skp_Mae.lua
2348,27,1868780723,/script/lipsync/l_s20_20_Lun_Skp_Ato.lua
2349,27,1869995961,/script/lipsync/l_s11_25_Kii_Skp_At2.lua
2350,27,1872885506,/script/lipsync/l_s22_30_Dio_Gouryuu.lua
2351,27,1874573766,/script/lipsync/l_s12_55_KyouTsuu.lua
2352,27,1899518592,/script/lipsync/l_s10_42_KyouTsuu.lua
2353,27,1953393493,/script/lipsync/l_s00_30_PLG_Gouryuu.lua
2354,27,1968687741,/script/lipsync/l_s41_10_Kkk_End_001.lua
2355,27,1974362743,/script/lipsync/l_s33_40_Tmj_Dex_Mae.lua
2356,27,2010962532,/script/lipsync/l_s48_10_Phi_End_001.lua
2357,27,2024737448,/script/lipsync/l_s30_40_Lun_Dex_Mae.lua
2358,27,2064441655,/script/lipsync/l_s10_57_Mur_Dex_Ky3.lua
2359,27,2070933247,/script/lipsync/l_s10_25_Mur_Skp_At2.lua
2360,27,2134960808,/script/lipsync/l_s33_50_Tmj_Dex_Kyo.lua
2361,27,2145625476,/script/lipsync/l_s26_37_Ali_Gouryu2.lua
2362,28,244369943,/scenes/ui/itemview.zip
2363,28,1170614099,/scenes/ui/underwindow.zip
2364,28,1327845862,/scenes/ui/icon.zip
2365,28,1718942410,/scenes/ui/plusicon.zip
2366,29,51240870,/movie/chun_logo_m0.avi
2367,29,84225036,/movie/opening.avi
2368,29,89286865,/movie/s40_10_03_0m.avi
2369,29,153461510,/movie/s21_60_02_2m.avi
2370,29,315416552,/movie/s28_50_00_0m.avi
2371,29,617771982,/movie/seekawayout.avi
2372,29,667726112,/movie/s42_10_00_0m.avi
2373,29,716331136,/movie/s48_15_05_0m.avi
2374,29,760937346,/movie/s44_10_00_0m.avi
2375,29,947359814,/movie/s48_10_00_0m.avi
2376,29,949461759,/movie/s00_20_04_0m.avi
2377,29,1175235895,/movie/j00_30_00_2_.avi
2378,29,1434689772,/movie/s00_20_01_0m.avi
2379,29,1469702286,/movie/s27_38_01_0m.avi
2380,29,1627006508,/movie/getumen_bakuha.avi
2381,29,1631444957,/movie/s27_38_00_0m.avi
2382,29,1794528590,/movie/s38_45_01_0m.avi
2383,29,1921562914,/movie/youfoundit.avi
2384,29,1936962833,/movie/s28_58_01_0m.avi
2385,30,1086177924,
2386,31,25669186,/sound/bgm/BGMM26.ogg
2387,31,45130065,/sound/bgm/BGM13.ogg
2388,31,92768181,/sound/bgm/BGM26.ogg
2389,31,155094624,/sound/bgm/BGM21.ogg
2390,31,178582303,/sound/bgm/BGM11_1.ogg
2391,31,332736068,/sound/bgm/BGMM19.ogg
2392,31,352196947,/sound/bgm/BGM06.ogg
2393,31,399835063,/sound/bgm/BGM19.ogg
2394,31,414523406,/sound/bgm/BGM01.ogg
2395,31,462161506,/sound/bgm/BGM14.ogg
2396,31,509799622,/sound/bgm/BGM27.ogg
2397,31,572126065,/sound/bgm/BGM22.ogg
2398,31,577577301,/sound/bgm/BGM08_1.ogg
2399,31,595613728,/sound/bgm/BGM11_2.ogg
2400,31,682090624,/sound/bgm/BGM30.ogg
2401,31,769228388,/sound/bgm/BGM07.ogg
2402,31,812093952,/sound/bgm/BGMM15.ogg
2403,31,831554847,/sound/bgm/BGM02.ogg
2404,31,859732068,/sound/bgm/BGMM28.ogg
2405,31,874420411,/sound/bgm/BGMM10.ogg
2406,31,926831063,/sound/bgm/BGM28.ogg
2407,31,927721811,/sound/bgm/BGM15_1.ogg
2408,31,941519406,/sound/bgm/BGM10.ogg
2409,31,989157506,/sound/bgm/BGM23.ogg
2410,31,994608742,/sound/bgm/BGM08_2.ogg
2411,31,1012645169,/sound/bgm/BGM11_3.ogg
2412,31,1229125393,/sound/bgm/BGMM16.ogg
2413,31,1248586272,/sound/bgm/BGM03.ogg
2414,31,1276763509,/sound/bgm/BGMM29.ogg
2415,31,1296224388,/sound/bgm/BGM16.ogg
2416,31,1343862504,/sound/bgm/BGM29.ogg
2417,31,1344753252,/sound/bgm/BGM15_2.ogg
2418,31,1406188947,/sound/bgm/BGM24.ogg
2419,31,1411640183,/sound/bgm/BGM08_3.ogg
2420,31,1646156834,/sound/bgm/BGMM17.ogg
2421,31,1665617713,/sound/bgm/BGM04.ogg
2422,31,1713255829,/sound/bgm/BGM17.ogg
2423,31,1775582272,/sound/bgm/BGM12.ogg
2424,31,1823220388,/sound/bgm/BGM25.ogg
2425,31,1885546847,/sound/bgm/BGM20.ogg
2426,31,2063188275,/sound/bgm/BGMM18.ogg
2427,31,2082649154,/sound/bgm/BGM05.ogg
2428,31,2125514734,/sound/bgm/BGMM13.ogg
2429,31,2130287270,/sound/bgm/BGM18.ogg
2430,32,800472910,/sound/ctr/SKP2.xml
